Movie,Month,Day,Release Year,Budget ($m),Domestic Gross ($m),Worldwide Gross ($m),Foreign Gross ($m)
Star Wars Ep. VII: The Force Awakens,Dec,18,2015,306,936.662225,2058.662225,1122
Jurassic World,Jun,12,2015,215,652.19801,1670.328025,1018.130015
The Avengers,May,4,2012,225,623.279547,1519.479547,896.2
Furious 7,Apr,3,2015,190,351.03291,1514.019071,1162.986161
Avengers: Age of Ultron,May,1,2015,250,459.005868,1404.705868,945.7
Harry Potter and the Deathly Hallows: Part II,Jul,15,2011,125,381.011219,1341.511219,960.5
Frozen,Nov,22,2013,150,400.738009,1274.23498,873.496971
Iron Man 3,May,3,2013,200,408.992272,1215.392272,806.4
Minions,Jul,10,2015,74,336.04577,1163.624481,827.578711
Captain America: Civil War,May,6,2016,250,408.084349,1151.684349,743.6
Transformers: Dark of the Moon,Jun,29,2011,195,352.390543,1123.790543,771.4
Skyfall,Nov,8,2012,200,304.360277,1110.526981,806.166704
Transformers: Age of Extinction,Jun,27,2014,210,245.439076,1104.039076,858.6
The Dark Knight Rises,Jul,20,2012,275,448.139099,1084.439099,636.3
Toy Story 3,Jun,18,2010,200,415.00488,1069.818229,654.813349
Pirates of the Caribbean: On Stranger Tides,May,20,2011,250,241.063875,1045.663875,804.6
Alice in Wonderland,Mar,5,2010,200,334.19111,1025.49111,691.3
Zootopia,Mar,4,2016,150,341.268248,1021.768248,680.5
The Hobbit: An Unexpected Journey,Dec,14,2012,250,303.003568,1017.003568,714
Finding Dory,Jun,17,2016,200,484.434568,985.234568,500.8
Despicable Me 2,Jul,3,2013,76,368.065385,974.873764,606.808379
The Jungle Book,Apr,15,2016,175,364.001123,963.901123,599.9
The Hobbit: The Desolation of Smaug,Dec,13,2013,250,258.366855,960.366855,702
Harry Potter and the Deathly Hallows: Part I,Nov,19,2010,125,295.983305,960.283305,664.3
The Hobbit: The Battle of the Five Armies,Dec,17,2014,250,255.119788,955.119788,700
Ice Age: Continental Drift,Jul,13,2012,95,161.321843,879.765137,718.443294
Spectre,Nov,6,2015,300,200.074175,879.620923,679.546748
Batman v Superman: Dawn of Justice,Mar,25,2016,250,330.360194,868.160194,537.8
The Hunger Games: Catching Fire,Nov,22,2013,130,424.668047,864.868047,440.2
Inside Out,Jun,19,2015,175,356.461711,853.923085,497.461374
The Secret Life of Pets,Jul,8,2016,75,365.048935,833.848935,468.8
Inception,Jul,16,2010,160,292.576195,832.584416,540.008221
"The Twilight Saga: Breaking Dawn, Part 2",Nov,16,2012,136.2,292.324737,829.724737,537.4
Fast and Furious 6,May,24,2013,160,238.67985,789.952811,551.272961
Deadpool,Feb,12,2016,58,363.070709,783.770709,420.7
Guardians of the Galaxy,Aug,1,2014,170,333.172112,771.172112,438
The Hunger Games: Mockingjay - Part 1,Nov,21,2014,125,337.135885,766.652288,429.516403
Maleficent,May,30,2014,180,241.407328,758.536735,517.129407
The Amazing Spider-Man,Jul,3,2012,220,262.030663,757.890267,495.859604
Shrek Forever After,May,21,2010,165,238.736787,756.244673,517.507886
X-Men: Days of Future Past,May,23,2014,200,233.921534,747.862775,513.941241
Madagascar 3: Europe's Most Wanted,Jun,8,2012,145,216.391482,746.921271,530.529789
Monsters University,Jun,21,2013,200,268.488329,743.588329,475.1
Suicide Squad,Aug,5,2016,175,321.423924,735.023924,413.6
Gravity,Oct,4,2013,110,274.092705,716.392705,442.3
Captain America: The Winter Soldier,Apr,4,2014,170,259.746958,714.401889,454.654931
The Amazing Spider-Man 2,May,2,2014,200,202.853933,708.996336,506.142403
The Twilight Saga: Eclipse,Jun,30,2010,68,300.531751,706.102828,405.571077
Dawn of the Planet of the Apes,Jul,11,2014,170,208.545589,703.545589,495
Mission: Impossible - Rogue Nation,Jul,31,2015,150,195.042377,700.868363,505.825986
Mission: Impossible—Ghost Protocol,Dec,16,2011,145,209.397903,694.71323,485.315327
"The Twilight Saga: Breaking Dawn, Part 1",Nov,18,2011,127.5,281.287133,689.420051,408.132918
The Hunger Games,Mar,23,2012,80,408.010692,677.923379,269.912687
Man of Steel,Jun,14,2013,225,291.045518,667.999518,376.954
Interstellar,Nov,5,2014,165,188.017894,665.417894,477.4
Kung Fu Panda 2,May,26,2011,150,165.249063,664.837547,499.588484
Men in Black 3,May,25,2012,215,179.020854,654.213485,475.192631
Big Hero 6,Nov,7,2014,165,222.527828,652.127828,429.6
The Hunger Games: Mockingjay - Part 2,Nov,20,2015,160,281.723902,650.523427,368.799525
Thor: The Dark World,Nov,8,2013,150,206.36214,644.602516,438.240376
The Martian,Oct,2,2015,108,228.433663,640.055863,411.6222
Fast Five,Apr,29,2011,125,209.837675,629.969804,420.132129
Iron Man 2,May,7,2010,170,312.433331,623.561331,311.128
How to Train Your Dragon 2,Jun,13,2014,145,177.002924,616.102924,439.1
Life of Pi,Nov,21,2012,120,124.987022,607.987022,483
Tangled,Nov,24,2010,260,200.821936,586.581936,385.76
The Hangover Part II,May,26,2011,80,254.464305,586.464305,332
The Croods,Oct,1,2012,135,187.168425,573.068425,385.9
Fifty Shades of Grey,Feb,13,2015,40,166.16723,570.97847,404.81124
The Smurfs,Jul,29,2011,110,142.614158,563.749323,421.135165
Cars 2,Jun,24,2011,200,191.450875,560.155383,368.704508
Ted,Jun,29,2012,50,218.66574,556.016627,337.350887
Puss in Boots,Oct,28,2011,130,149.260504,554.987477,405.726973
Brave,Jun,22,2012,185,237.282182,554.606532,317.32435
Mei Ren Yu,Feb,19,2016,60.72,3.229457,552.198479,548.969022
American Sniper,Dec,25,2014,58,350.126372,547.326372,197.2
Despicable Me,Jul,9,2010,69,251.513985,543.495033,291.981048
X-Men: Apocalypse,May,27,2016,178,155.442489,542.742489,387.3
Sherlock Holmes: A Game of Shadows,Dec,16,2011,125,186.848418,535.663443,348.815025
Cinderella,Mar,13,2015,95,201.151353,534.551353,333.4
The Revenant,Dec,25,2015,135,183.637894,532.950503,349.312609
World War Z,Jun,21,2013,190,202.359711,531.51465,329.154939
Godzilla,May,16,2014,160,200.676069,529.076069,328.4
Kung Fu Panda 3,Jan,29,2016,140,143.528619,518.628619,375.1
Ant-Man,Jul,17,2015,130,180.202163,518.602163,338.4
Wreck-It Ralph,Nov,2,2012,165,189.412677,496.511521,307.098844
How to Train Your Dragon,Mar,26,2010,165,217.581231,494.870991,277.28976
Rio 2,Apr,11,2014,130,131.538435,493.738435,362.2
Clash of the Titans,Apr,1,2010,125,163.214888,493.214888,330
Oz the Great and Powerful,Mar,8,2013,200,234.770996,490.359051,255.588055
Rio,Apr,15,2011,90,143.619809,487.519809,343.9
Teenage Mutant Ninja Turtles,Aug,8,2014,125,191.204754,485.004754,293.8
Les Intouchables,May,25,2012,10.8,13.182281,484.873045,471.690764
Rise of the Planet of the Apes,Aug,5,2011,93,176.760185,482.860185,306.1
Hotel Transylvania 2,Sep,25,2015,80,169.70011,470.909901,301.209791
San Andreas,May,29,2015,110,155.190832,469.590832,314.4
Star Trek Into Darkness,May,15,2013,190,228.778661,467.381584,238.602923
The Lego Movie,Feb,7,2014,60,257.784718,457.729388,199.94467
Lucy,Jul,25,2014,40,126.57396,457.507776,330.933816
Django Unchained,Dec,25,2012,100,162.805434,449.948323,287.142889
Thor,May,6,2011,150,181.030624,449.326618,268.295994
Les Miserables,Dec,25,2012,65,148.80977,442.169052,293.359282
Terminator: Genisys,Jul,1,2015,155,89.760956,440.160956,350.4
Warcraft,Jun,10,2016,160,47.225655,433.125655,385.9
The King’s Speech,Nov,26,2010,15,138.797449,430.821168,292.023719
The Chronicles of Narnia: The Voyage of the Dawn Treader,Dec,10,2010,155,104.38695,418.18695,313.8
The Wolverine,Jul,26,2013,115,132.556852,416.456852,283.9
Pacific Rim,Jul,12,2013,190,101.802906,411.002906,309.2
Kingsman: The Secret Service,Feb,13,2015,94,128.261724,404.561724,276.3
Ice Age: Collision Course,Jul,22,2016,105,63.871492,403.871492,340
Snow White and the Huntsman,Jun,1,2012,170,155.136755,401.016924,245.880169
Jason Bourne,Jul,29,2016,120,161.784595,399.184595,237.4
Prometheus,Jun,8,2012,125,126.477084,399.005706,272.528622
Tron: Legacy,Dec,17,2010,200,172.062763,397.562763,225.5
The Wolf of Wall Street,Dec,25,2013,100,116.900694,391.976723,275.076029
Independence Day: Resurgence,Jun,24,2016,165,103.144286,387.644286,284.5
Monster Hunt,Jan,22,2016,56,0.032766,386.09606,386.063294
Home,Mar,27,2015,130,177.39751,386.085953,208.688443
Hotel Transylvania,Sep,28,2012,85,148.313048,378.505812,230.192764
Taken 2,Oct,5,2012,45,139.854287,377.807404,237.953117
G.I. Joe: Retaliation,Mar,27,2013,140,122.52306,375.740705,253.217645
The Adventures of Tintin,Dec,21,2011,130,77.591831,373.993951,296.40212
Mad Max: Fury Road,May,15,2015,150,153.636354,373.136354,219.5
Captain America: The First Avenger,Jul,22,2011,140,176.654505,370.569776,193.915271
Gone Girl,Oct,3,2014,61,167.767189,368.567189,200.8
Penguins of Madagascar,Nov,26,2014,132,83.350911,367.650911,284.3
Edge of Tomorrow,Jun,6,2014,178,100.206256,364.406256,264.2
The Hangover 3,May,23,2013,103,112.200072,362.000072,249.8
Night at the Museum: Secret of the Tomb,Dec,19,2014,127,113.746621,356.546621,242.8
X-Men: First Class,Jun,3,2011,160,146.408305,355.408305,209
Noah,Mar,28,2014,130,101.200044,352.831065,251.631021
The Karate Kid,Jun,11,2010,40,176.591618,351.774938,175.18332
Now You See Me,May,31,2013,75,117.723989,351.723989,234
The Great Gatsby,May,10,2013,190,144.840419,351.040419,206.2
Doctor Seuss' The Lorax,Mar,2,2012,67.5,214.0305,350.976753,136.946253
The Legend of Tarzan,Jul,1,2016,180,126.643061,349.143061,222.5
Alvin and the Chipmunks: Chipwrecked,Dec,16,2011,80,133.107389,349.088523,215.981134
The Smurfs 2,Jul,31,2013,110,71.017784,348.547523,277.529739
The Maze Runner,Sep,19,2014,34,102.427862,348.319861,245.891999
The Angry Birds Movie,May,20,2016,73,107.509366,347.746163,240.236797
Star Trek Beyond,Jul,22,2016,185,158.526005,336.326005,177.8
The Good Dinosaur,Nov,25,2015,187.5,123.08712,334.354269,211.267149
22 Jump Street,Jun,13,2014,50,191.719337,331.333876,139.614539
Black Swan,Dec,3,2010,13,106.954678,331.26671,224.312032
300: Rise of an Empire,Mar,7,2014,110,106.580051,330.780051,224.2
Now You See Me 2,Jun,10,2016,90,65.07554,328.67554,263.6
Taken 3,Jan,9,2015,48,89.256424,327.656424,238.4
Robin Hood,May,14,2010,210,105.26973,322.241588,216.971858
Megamind,Nov,5,2010,130,148.415853,321.887208,173.471355
The Last Airbender,Jul,1,2010,150,131.772187,319.713881,187.941694
Journey 2: The Mysterious Island,Feb,10,2012,79,103.86029,318.146162,214.285872
The Conjuring,Jul,19,2013,20,137.400141,318.000141,180.6
Prince of Persia: Sands of Time,May,28,2010,200,90.759676,314.594597,223.834921
The Expendables 2,Aug,17,2012,100,85.028192,311.979256,226.951064
The SpongeBob Movie: Sponge Out of Water,Feb,6,2015,74,162.994032,311.594032,148.6
The Conjuring 2: The Enfield Poltergeist,Jun,10,2016,40,102.470008,311.270008,208.8
Maze Runner: The Scorch Trials,Sep,18,2015,61,81.697192,310.697192,229
Little Fockers,Dec,22,2010,100,148.4386,310.650574,162.211974
The Fault in Our Stars,Jun,6,2014,12,124.87235,307.166834,182.294484
Rise of the Guardians,Nov,21,2012,145,103.412758,306.900902,203.488144
Wrath of the Titans,Mar,30,2012,150,83.670083,305.270083,221.6
Battleship,May,18,2012,209,65.2334,305.218228,239.984828
A Good Day to Die Hard,Feb,14,2013,92,67.349198,304.249198,236.9
Shutter Island,Feb,19,2010,80,128.012934,299.461782,171.448848
Resident Evil: Afterlife,Sep,10,2010,57.5,60.128566,295.87419,235.745624
The Divergent Series: Insurgent,Mar,20,2015,110,130.179072,295.279072,165.1
Sex and the City 2,May,27,2010,95,95.347692,294.680778,199.333086
Salt,Jul,23,2010,130,118.311368,290.650494,172.339126
Bridesmaids,May,13,2011,32.5,169.106725,289.52703,120.420305
Oblivion,Apr,19,2013,120,89.107235,287.916633,198.809398
Pitch Perfect 2,May,15,2015,29,183.785415,286.995378,103.209963
Turbo,Jul,17,2013,135,83.02813,286.896578,203.868448
Elysium,Aug,9,2013,120,93.050117,286.192091,193.141974
John Carter,Mar,9,2012,275,73.058679,282.7781,209.719421
The Bourne Legacy,Aug,10,2012,125,113.20387,280.35592,167.15205
The Tourist,Dec,10,2010,100,67.631157,278.731369,211.100212
Alice Through the Looking Glass,May,27,2016,170,77.042381,277.442381,200.4
Divergent,Mar,21,2014,85,150.947895,276.014965,125.06707
Cloudy with a Chance of Meatballs 2,Sep,27,2013,78,119.793567,274.392649,154.599082
Lincoln,Nov,9,2012,65,182.207973,273.346281,91.138308
Grown Ups,Jun,25,2010,75,162.001186,272.22343,110.222244
Neighbors,May,9,2014,18,150.0868,270.594534,120.507734
Mr. Peabody & Sherman,Mar,7,2014,145,111.50643,269.80643,158.3
Exodus: Gods and Kings,Dec,12,2014,140,65.014513,268.314513,203.3
The Expendables,Aug,13,2010,82,103.068524,268.268174,165.19965
We're the Millers,Aug,7,2013,37,150.394119,267.816276,117.422157
Real Steel,Oct,7,2011,110,85.463309,263.880341,178.417032
Epic,May,24,2013,100,107.518682,262.794441,155.275759
The Lone Ranger,Jul,2,2013,275,89.302115,260.002115,170.7
Paddington,Jan,16,2015,55,76.223578,259.54143,183.317852
Knight and Day,Jun,23,2010,117,76.423035,258.75137,182.328335
Super 8,Jun,9,2011,50,127.004179,257.972745,130.968566
American Hustle,Dec,13,2013,40,150.117807,257.878294,107.760487
Annabelle,Oct,3,2014,6.5,84.273813,256.873813,172.6
True Grit,Dec,22,2010,35,171.243005,252.276928,81.033923
After Earth,May,31,2013,130,60.522097,251.499665,190.977568
Grown Ups 2,Jul,12,2013,80,133.668525,247.023808,113.355283
Rango,Mar,4,2011,135,123.257581,245.504574,122.246993
The Peanuts Movie,Nov,6,2015,99,130.178411,244.778411,114.6
Teenage Mutant Ninja Turtles: Out of the Shadows,Jun,3,2016,135,82.051601,244.451601,162.4
Pixels,Jul,24,2015,90,78.747585,244.1263,165.378715
Hercules,Jul,25,2014,100,72.688614,243.388614,170.7
RoboCop,Feb,12,2014,120,58.607007,242.981799,184.374792
The Girl with the Dragon Tattoo,Dec,20,2011,90,102.515793,239.37397,136.858177
Resident Evil: Retribution,Sep,14,2012,65,42.345531,238.940997,196.595466
Daddy’s Home,Dec,25,2015,50,150.357137,238.757137,88.4
Dark Shadows,May,11,2012,150,79.727149,238.202668,158.475519
Disney Planes,Aug,9,2013,50,90.28258,238.059569,147.776989
American Reunion,Apr,6,2012,50,56.758835,236.799211,180.040376
Silver Linings Playbook,Nov,16,2012,21,132.092958,236.412453,104.319495
Alvin and the Chipmunks: The Road Chip,Dec,18,2015,90,85.886987,235.29608,149.409093
Spy!,Jun,5,2015,65,110.825712,233.125712,122.3
Gulliver's Travels,Dec,25,2010,112,42.779261,232.017848,189.238587
Green Lantern,Jun,17,2011,200,116.601172,231.201172,114.6
The Heat,Jun,28,2013,43,159.581587,229.727774,70.146187
The Green Hornet,Jan,14,2011,110,98.780042,229.155503,130.375461
Ghostbusters,Jul,15,2016,144,127.711314,228.365989,100.654675
The Imitation Game,Nov,28,2014,15,91.125143,227.773686,136.648543
Argo,Oct,12,2012,44.5,136.025503,227.140757,91.115254
The Social Network,Oct,1,2010,40,96.962694,224.922135,127.959441
Percy Jackson & the Olympians: The Lightning Thief,Feb,12,2010,95,88.768303,223.050874,134.282571
Everest,Sep,18,2015,65,43.30945,221.662676,178.353226
Captain Phillips,Oct,11,2013,55,107.136417,220.648184,113.511767
The Sorcerer's Apprentice,Jul,14,2010,160,63.150991,217.98632,154.835329
Valentine's Day,Feb,12,2010,52,110.485654,217.569328,107.083674
Jack Reacher,Dec,21,2012,60,80.070736,217.370736,137.3
Dracula Untold,Oct,10,2014,70,55.99188,216.821942,160.830062
Ted 2,Jun,26,2015,68,81.28483,216.500183,135.215353
Bad Teacher,Jun,24,2011,19,100.292856,215.448997,115.156141
Central Intelligence,Jun,17,2016,50,127.440871,215.140871,87.7
Just Go With It,Feb,11,2011,80,103.028109,214.974953,111.946844
Hansel & Gretel: Witch Hunters,Jan,25,2013,50,55.703475,214.949716,159.246241
Battle: Los Angeles,Mar,11,2011,70,83.552429,213.463976,129.911547
The Help,Aug,10,2011,25,169.705587,213.120004,43.414417
Non-Stop,Feb,28,2014,50,91.74216,212.74216,121
Horrible Bosses,Jul,8,2011,35,117.538559,212.417601,94.879042
Total Recall,Aug,3,2012,125,58.877969,211.856088,152.978119
Fury,Oct,17,2014,80,85.755593,211.755593,126
Due Date,Nov,5,2010,65,100.539043,211.739043,111.2
Immortals,Nov,11,2011,75,83.504017,211.562435,128.058418
The Expendables 3,Aug,15,2014,100,39.322544,209.461378,170.138834
Safe House,Feb,10,2012,85,126.18163,208.542162,82.360532
Eat Pray Love,Aug,13,2010,60,80.57401,206.598789,126.024779
Me Before You,Jun,3,2016,20,56.245075,205.445075,149.2
White House Down,Jun,28,2013,150,73.103784,205.440387,132.336603
Tomorrowland,May,22,2015,170,93.436322,205.336322,111.9
Yogi Bear,Dec,17,2010,80,100.246011,204.77469,104.528679
Into the Woods,Dec,25,2014,50,128.002372,203.502372,75.5
21 Jump Street,Mar,16,2012,42,138.447667,202.812429,64.364762
Paranormal Activity 3,Oct,21,2011,5,104.028807,202.053386,98.024579
Straight Outta Compton,Aug,14,2015,28,161.058685,201.867526,40.808841
Percy Jackson: Sea of Monsters,Aug,7,2013,90,68.559554,200.859554,132.3
Jack the Giant Slayer,Mar,1,2013,195,65.187603,197.687603,132.5
The Vow,Feb,10,2012,30,125.01403,197.61816,72.60413
The Intern,Sep,25,2015,40,75.764672,197.232734,121.468062
Red,Oct,15,2010,60,90.380162,196.439693,106.059531
The Other Woman,Apr,25,2014,40,83.911193,195.111193,111.2
Need for Speed,Mar,14,2014,66,43.568507,194.169619,150.601112
Xi You Ji zhi Sun Wu Kong San Da Bai Gu Jing,Feb,5,2016,60,0.709982,194.058503,193.348521
London Has Fallen,Mar,4,2016,60,62.52426,193.857962,131.333702
Gnomeo and Juliet,Feb,11,2011,36,99.96767,193.737977,93.770307
The Equalizer,Sep,26,2014,55,101.530738,192.165283,90.634545
Mr. Poppers's Penguins,Jun,17,2011,55,68.224452,189.624452,121.4
Hop,Apr,1,2011,63,108.085305,188.657593,80.572288
The Secret Life of Walter Mitty,Dec,25,2013,91,58.236838,188.536838,130.3
Jupiter Ascending,Feb,6,2015,179,47.482519,181.982519,134.5
12 Years a Slave,Oct,18,2013,20,56.671993,181.025343,124.35335
The Dictator,May,16,2012,65,59.650222,180.148897,120.498675
Hugo,Nov,23,2011,180,73.864507,180.047784,106.183277
Paranormal Activity 2,Oct,20,2010,3,84.752907,177.512032,92.759125
The A-Team,Jun,11,2010,110,77.222099,177.241171,100.019072
Lee Daniels' The Butler,Aug,16,2013,30,116.632095,177.025498,60.393403
Cowboys and Aliens,Jul,29,2011,163,100.240551,175.910315,75.669764
The Descendants,Nov,16,2011,20,82.624961,175.5078,92.882839
Identity Thief,Feb,8,2013,35,134.50692,175.361578,40.854658
Mirror Mirror,Mar,30,2012,85,64.935167,173.613482,108.678315
Creed,Nov,25,2015,37,109.767581,173.567581,63.8
Anchorman 2: The Legend Continues,Dec,18,2013,50,127.352707,172.185754,44.833047
Jackass 3D,Oct,15,2010,20,117.229692,171.685793,54.456101
The Divergent Series: Allegiant,Mar,18,2016,110,66.184051,171.484051,105.3
The Other Guys,Aug,6,2010,100,119.219978,170.93647,51.716492
Zookeeper,Jul,8,2011,80,80.360866,170.805525,90.444659
Bad Moms,Jul,29,2016,20,112.680839,170.680839,58
Magic Mike,Jun,29,2012,7,113.721571,170.549753,56.828182
Looper,Sep,28,2012,30,66.486205,170.466405,103.9802
The Impossible,Dec,21,2012,40,19.019882,169.590606,150.570724
Unstoppable,Nov,12,2010,95,81.562942,169.511609,87.948667
Fantastic Four,Aug,7,2015,120,56.117548,167.117548,111
Step Up 3D,Aug,6,2010,30,42.400223,165.889117,123.488894
Step Up Revolution,Jul,27,2012,33,35.074677,165.55229,130.477613
In Time,Oct,28,2011,35,37.553932,165.103952,127.55002
The Huntsman: Winter’s War,Apr,22,2016,115,48.003015,164.602163,116.599148
Johnny English Reborn,Oct,21,2011,45,8.30597,164.53966,156.23369
The Grand Budapest Hotel,Mar,7,2014,31,59.076019,164.350409,105.27439
Unbroken,Dec,25,2014,65,115.637895,163.442936,47.805041
Midnight in Paris,May,20,2011,30,56.816662,162.942835,106.126173
Insidious Chapter 2,Sep,13,2013,5,83.586447,161.921515,78.335068
Bridge of Spies,Oct,16,2015,40,72.313754,161.513754,89.2
The Muppets,Nov,23,2011,45,88.625922,160.971922,72.346
Jackass Presents: Bad Grandpa,Oct,25,2013,15,102.003019,160.903019,58.9
Flight,Nov,2,2012,31,93.772375,160.558438,66.786063
Underworld: Awakening,Jan,20,2012,70,62.321039,160.37993,98.058891
The Book of Eli,Jan,15,2010,80,94.835059,158.750817,63.915758
The Monuments Men,Feb,7,2014,70,78.03162,158.702748,80.671128
Goosebumps,Oct,16,2015,58,80.069458,158.162788,78.09333
Happy Feet Two,Nov,18,2011,135,64.006466,157.956466,93.95
This Means War,Feb,17,2012,65,54.760791,156.974557,102.213766
Yip Man 3,Jan,22,2016,36,2.679437,156.835197,154.15576
War Horse,Dec,25,2011,70,79.883359,156.815529,76.93217
Into the Storm,Aug,8,2014,50,47.602194,156.602194,109
Planes: Fire and Rescue,Jul,18,2014,50,59.157732,156.399644,97.241912
Limitless,Mar,18,2011,27,79.249455,155.564919,76.315464
Final Destination 5,Aug,12,2011,40,42.587643,155.011165,112.423522
Sully,Sep,9,2016,60,108.215432,154.515432,46.3
Focus,Feb,27,2015,65,53.862963,154.362963,100.5
Ride Along,Jan,17,2014,25,134.202565,153.733265,19.5307
Tower Heist,Nov,4,2011,85,78.04657,153.487972,75.441402
The Town,Sep,17,2010,37,92.186262,152.566881,60.380619
Date Night,Apr,9,2010,55,98.711404,152.269033,53.557629
47 Ronin,Dec,25,2013,175,38.362475,151.659062,113.296587
Olympus Has Fallen,Mar,22,2013,70,98.927592,150.562164,51.634572
Jack and Jill,Nov,11,2011,79,74.158157,150.519217,76.36106
Lone Survivor,Dec,25,2013,40,125.095601,149.804632,24.709031
Arthur Christmas,Nov,23,2011,85,46.462469,149.717124,103.254655
No Strings Attached,Jan,21,2011,25,70.66222,149.228078,78.565858
Ghost Rider: Spirit of Vengeance,Feb,17,2012,57,51.774002,149.217355,97.443353
Mama,Jan,18,2013,15,71.62818,148.095566,76.467386
The BFG,Jul,1,2016,140,55.451779,147.601779,92.15
"Crazy, Stupid, Love",Jul,29,2011,50,84.351197,147.142328,62.791131
New Year’s Eve,Dec,9,2011,26,54.544638,146.850273,92.305635
Friends with Benefits,Jul,22,2011,35,55.802754,146.595891,90.793137
I am Number Four,Feb,18,2011,50,55.100437,146.195159,91.094722
The Hateful Eight,Dec,25,2015,62,54.117416,145.478036,91.36062
The Wolfman,Feb,12,2010,150,62.189884,142.634358,80.444474
Dear John,Feb,5,2010,25,80.014842,142.033509,62.018667
Lights Out,Jul,22,2016,5,67.268835,141.868835,74.6
Dumb and Dumber To,Nov,14,2014,40,86.20801,141.20801,55
Paranormal Activity 4,Oct,19,2012,5,53.900335,140.61952,86.719185
Trainwreck,Jul,17,2015,35,110.03813,140.561831,30.523701
Source Code,Apr,1,2011,32,54.712227,140.428499,85.716272
The Three Musketeers,Oct,21,2011,90,20.377913,139.877913,119.5
Annie,Dec,19,2014,65,85.911262,139.840525,53.929263
Legend of the Guardians: The Owls of Ga'Hoole,Sep,24,2010,100,55.675313,139.716717,84.041404
Contagion,Sep,9,2011,60,75.658097,137.551594,61.893497
Abraham Lincoln: Vampire Hunter,Jun,22,2012,67.5,37.519139,137.48973,99.970591
Wall Street 2: Money Never Sleeps,Sep,24,2010,70,52.474616,137.431619,84.957003
RED 2,Jul,19,2013,84,53.26256,137.16256,83.9
Let’s Be Cops,Aug,13,2014,17,82.390774,136.890774,54.5
The Pirates! Band of Misfits,Apr,27,2012,55,31.051126,136.143605,105.092479
Unknown,Feb,18,2011,40,63.686397,136.123083,72.436686
The Bounty Hunter,Mar,19,2010,45,67.061228,135.808837,68.747609
The Best Exotic Marigold Hotel,May,4,2012,10,46.383639,134.63978,88.256141
Zero Dark Thirty,Dec,19,2012,52.5,95.720716,134.612435,38.891719
Saw 3D,Oct,29,2010,17,45.710178,133.735284,88.025106
Gods of Egypt,Feb,26,2016,140,31.153464,133.553464,102.4
Hope Springs,Aug,8,2012,30,63.536011,133.085295,69.549284
2 Guns,Aug,2,2013,61,75.61246,132.493015,56.880555
The Big Short,Dec,11,2015,28,70.25987,131.45987,61.2
Jack Ryan: Shadow Recruit,Jan,17,2014,60,50.577412,131.377412,80.8
The Last Witch Hunter,Oct,23,2015,80,27.36766,131.234406,103.866746
Don’t Breathe,Aug,26,2016,10,85.571625,131.1819,45.610275
Cloud Atlas,Oct,26,2012,102,27.108272,130.673154,103.564882
Walking with Dinosaurs,Dec,20,2013,80,36.076121,130.58073,94.504609
The Fighter,Dec,10,2010,11,93.617009,129.262388,35.645379
The Woman in Black,Feb,3,2012,15,54.33329,128.955898,74.622608
The Artist,Nov,25,2011,16,44.667095,128.256712,83.589617
Point Break,Dec,25,2015,100,28.782481,128.131571,99.34909
Blended,May,23,2014,45,46.290741,127.990741,81.7
Pete’s Dragon,Aug,12,2016,65,74.829131,127.429131,52.6
Predators,Jul,9,2010,40,52.000688,127.234389,75.233701
The Adjustment Bureau,Mar,4,2011,50.2,62.495645,126.931325,64.43568
This is the End,Jun,12,2013,32,101.470202,126.539117,25.068915
Sex Tape,Jul,18,2014,40,38.543473,126.069509,87.526036
Ride Along 2,Jan,15,2016,40,90.862685,124.246152,33.383467
Sausage Party,Aug,12,2016,19,96.854151,124.181576,27.327425
Pan,Oct,9,2015,150,35.08832,123.88832,88.8
Magic Mike XXL,Jul,1,2015,14.5,66.013057,123.70946,57.696403
Chronicle,Feb,3,2012,12,64.575175,123.68179,59.106615
The Nut Job,Jan,17,2014,30,64.251538,122.529966,58.278428
The Theory of Everything,Nov,7,2014,15,35.893537,122.147772,86.254235
Bridget Jones’s Baby,Sep,16,2016,35,21.960695,121.860695,99.9
What to Expect When You're Expecting,May,18,2012,37.5,41.152203,120.925697,79.773494
Parental Guidance,Dec,25,2012,25,77.267296,120.832383,43.565087
Insidious Chapter 3,Jun,5,2015,10,52.218558,120.678444,68.459886
We Bought a Zoo,Nov,26,2011,50,75.62455,118.729073,43.104523
The Shallows,Jun,24,2016,13,55.121623,118.590627,63.469004
A Nightmare on Elm Street,Apr,30,2010,35,63.075011,117.729621,54.65461
Tian jiang xiong shi,Sep,4,2015,65,0.07407,116.86407,116.79
Water for Elephants,Apr,22,2011,38,58.709717,116.809717,58.1
The Purge: Election Year,Jul,1,2016,10,79.04244,116.64244,37.6
Pitch Perfect,Sep,28,2012,17,65.001093,116.044347,51.043254
The Iron Lady,Dec,30,2011,14,29.959436,115.592104,85.632668
Warm Bodies,Feb,1,2013,30,66.380662,115.121608,48.740946
Cats & Dogs: The Revenge of Kitty Galore,Jul,30,2010,85,45.539292,114.979922,69.44063
Saving Mr. Banks,Dec,13,2013,35,83.299761,114.962525,31.662764
Prisoners,Sep,20,2013,46,61.002302,113.402302,52.4
Think Like a Man,Apr,20,2012,12,91.547205,113.373764,21.826559
The Magnificent Seven,Sep,23,2016,90,66.765393,113.265393,46.5
Last Vegas,Jan,28,2013,28,63.914167,112.914167,49
The Tooth Fairy,Jan,22,2010,48,60.022256,112.610386,52.58813
The Boxtrolls,Sep,26,2014,60,50.837305,111.946251,61.108946
The Purge: Anarchy,Jul,18,2014,9,71.56255,111.533636,39.971086
Moneyball,Sep,23,2011,50,75.605492,111.300835,35.695343
The 5th Wave,Jan,22,2016,38,34.912982,110.678636,75.765654
Seventh Son,Feb,6,2015,95,17.223265,110.623265,93.4
Free Birds,Nov,1,2013,55,55.75048,110.387072,54.636592
Pompeii,Feb,21,2014,80,23.169033,108.469033,85.3
Paul Blart: Mall Cop 2,Apr,17,2015,38,71.03819,107.597242,36.559052
ParaNorman,Aug,17,2012,60,56.003051,107.593122,51.590071
10 Cloverfield Lane,Mar,11,2016,5,72.082999,106.582999,34.5
Get Hard,Mar,27,2015,40,90.411453,106.511453,16.1
Sisters,Dec,18,2015,30,87.044645,106.03066,18.986015
Horrible Bosses 2,Nov,26,2014,40,54.445357,105.945357,51.5
Life as We Know It,Oct,8,2010,38,53.374681,105.887837,52.513156
The Man From U.N.C.L.E.,Aug,14,2015,75,45.445109,105.445109,60
Hereafter,Oct,15,2010,50,32.746941,105.246941,72.5
Chappie,Mar,6,2015,49,31.569268,105.002056,73.432788
The Campaign,Aug,10,2012,95,86.907746,104.907746,18
Neighbors 2: Sorority Rising,May,20,2016,35,55.34073,104.444374,49.103644
Sanctum,Feb,4,2011,30,23.20931,104.283753,81.074443
Gangster Squad,Jan,11,2013,60,46.000903,104.100903,58.1
Escape Plan,Oct,18,2013,70,25.135965,103.735965,78.6
Ouija,Oct,24,2014,5,50.85601,103.590271,52.734261
Birdman or (The Unexpected Virtue of Ignorance),Oct,17,2014,18,42.340598,103.215094,60.874496
Transcendence,Apr,18,2014,100,23.022309,103.039258,80.016949
Project X,Mar,2,2012,12,54.731865,103.028188,48.296323
Blue Jasmine,Jul,26,2013,18,33.404871,102.912961,69.50809
Love and Other Drugs,Nov,24,2010,30,32.367005,102.716321,70.349316
Shaun the Sheep,Aug,5,2015,25,19.375982,101.937062,82.56108
The Devil Inside,Jan,6,2012,1,53.261944,101.758489,48.496545
"Alexander and the Terrible, Horrible, No Good, Very Bad Day",Oct,10,2014,28,66.954149,101.379287,34.425138
Paul,Mar,18,2011,40,37.412945,101.162106,63.749161
Heaven is for Real,Apr,16,2014,12,91.386097,100.919111,9.533014
Joy,Dec,25,2015,60,56.451232,100.751232,44.3
Vacation,Jul,29,2015,31,58.884188,100.655892,41.771704
No se Aceptan Devoluciones,Aug,30,2013,5,44.467206,100.486616,56.01941
Dirty Grandpa,Jan,22,2016,11.5,35.593113,99.930262,64.337149
Insidious,Apr,1,2011,1.5,54.00915,99.870886,45.861736
How to be Single,Feb,12,2016,37,46.843513,99.595932,52.752419
Justin Bieber: Never Say Never,Feb,9,2011,13,73.01391,99.034125,26.020215
Philomena,Nov,22,2013,12,37.709979,98.963392,61.253413
Black Mass,Sep,18,2015,53,62.575678,98.837872,36.262194
Contraband,Jan,13,2012,25,66.528,98.406855,31.878855
The Visit,Sep,11,2015,5,65.11202,98.316555,33.204535
Rush,Sep,20,2013,38,26.947624,98.230839,71.283215
Nanny McPhee and the Big Bang,Aug,20,2010,35,29.197642,97.799865,68.602223
Evil Dead,Apr,5,2013,17,54.239856,97.778356,43.5385
The Book of Life,Oct,17,2014,50,50.151543,97.651543,47.5
Kick-Ass,Apr,16,2010,28,48.071303,97.531134,49.459831
Green Zone,Mar,12,2010,100,35.497337,97.52302,62.025683
42,Apr,12,2013,40,95.020213,97.470701,2.450488
The Rite,Jan,28,2011,37,33.047633,97.143987,64.096354
The Lucky One,Apr,20,2012,25,60.457138,96.633833,36.176695
Dolphin Tale,Sep,23,2011,37,72.286779,96.068724,23.781945
Scream 4,Apr,15,2011,40,38.180928,95.98959,57.808662
Poltergeist,May,22,2015,35,47.425125,95.825125,48.4
Killers,Jun,4,2010,75,47.059963,95.572749,48.512786
Riddick,Sep,6,2013,38,42.025135,94.763758,52.738623
The Hundred-Foot Journey,Aug,8,2014,22,54.235441,94.270488,40.035047
Safe Haven,Feb,14,2013,28,71.39912,94.050951,22.651831
Tammy,Jul,2,2014,20,84.525432,93.93136,9.405928
Jin líng shí san chai,Dec,21,2011,100,0.311434,93.721434,93.41
The Internship,Jun,7,2013,58,44.672764,93.672764,49
Money Monster,May,13,2016,27,41.012075,93.469699,52.457624
The Last Song,Mar,31,2010,20,62.950384,92.678948,29.728564
Red Riding Hood,Mar,11,2011,42,37.662162,91.678442,54.01628
My Big Fat Greek Wedding 2,Mar,25,2016,18,59.689605,91.651878,31.962273
Get Him to the Greek,Jun,4,2010,40,61.153526,91.455875,30.302349
The Purge,Jun,7,2013,3,64.473115,91.265155,26.79204
Season of the Witch,Jan,7,2011,40,24.827228,91.1266,66.299372
The Little Prince,Feb,12,2016,77.5,1.311213,90.850048,89.538835
Burlesque,Nov,24,2010,55,39.440655,90.552675,51.11202
In the Heart of the Sea,Dec,11,2015,100,25.020758,90.420758,65.4
The Second Best Exotic Marigold Hotel,Mar,6,2015,10,33.078266,90.384306,57.30604
This is 40,Dec,21,2012,35,67.544505,90.221182,22.676677
Spotlight,Nov,6,2015,20,45.055776,90.206716,45.15094
Southpaw,Jul,24,2015,30,52.421953,89.825208,37.403255
Sucker Punch,Mar,25,2011,75,36.392502,89.758389,53.365887
Ender's Game,Nov,1,2013,110,61.737191,89.737191,28
Ben-Hur,Aug,19,2016,95,26.410477,89.310477,62.9
About Time,Nov,1,2013,12,15.323921,89.177486,73.853565
Snowpiercer,Jun,27,2014,40,4.563029,88.06988,83.506851
Deliver Us from Evil,Jul,2,2014,30,30.577122,87.956618,57.379496
Sinister,Oct,12,2012,3,48.086903,87.727807,39.640904
Hall Pass,Feb,25,2011,68,45.060734,87.173475,42.112741
The Lincoln Lawyer,Mar,18,2011,40,58.0092,87.145086,29.135886
Dinner for Schmucks,Jul,30,2010,69,73.026337,86.796502,13.770165
Oceans,Apr,22,2010,80,19.422319,86.78753,67.365211
A Million Ways to Die in The West,May,30,2014,40,42.720965,86.760995,44.04003
Abduction,Sep,23,2011,35,28.087155,86.648359,58.561204
Paranormal Activity: The Marked Ones,Jan,3,2014,5,32.462372,86.362372,53.9
The Inbetweeners,Sep,7,2012,5.7,0.035955,86.05132,86.015365
Paper Towns,Jul,24,2015,12,32.000304,85.5123,53.511996
J. Edgar,Nov,9,2011,35,37.30603,84.60603,47.3
Priest,May,13,2011,60,29.136626,84.154026,55.0174
Marmaduke,Jun,4,2010,50,33.644788,84.023611,50.378823
Piranha 3D,Aug,20,2010,24,25.003155,83.66016,58.657005
The Possession,Aug,31,2012,14,49.130588,82.925064,33.794476
Edge of Darkness,Jan,29,2010,60,43.31389,82.812456,39.498566
Act of Valor,Feb,24,2012,12,70.012847,82.497035,12.484188
Carrie,Oct,18,2013,30,35.266619,82.40952,47.142901
"Big Mommas: Like Father, Like Son",Feb,18,2011,32,37.915414,82.33245,44.417036
Letters to Juliet,May,14,2010,30,53.032453,82.148538,29.116085
Hitman: Agent 47,Aug,21,2015,35,22.46745,81.96745,59.5
Tinker Tailor Soldier Spy,Dec,9,2011,21,24.149393,81.452811,57.303418
Vampires Suck,Aug,18,2010,20,36.661504,81.424988,44.763484
Pain & Gain,Apr,26,2013,26,49.875291,81.275291,31.4
The Grey,Jan,27,2012,25,51.580136,81.249176,29.66904
Frankenweenie,Oct,5,2012,39,35.287788,81.150788,45.863
Spy Kids: All the Time in the World,Aug,19,2011,27,38.536376,80.681183,42.144807
Savages,Jul,6,2012,45,47.3231,80.59486,33.27176
Storks,Sep,23,2016,70,41.668494,80.468494,38.8
War Dogs,Aug,19,2016,50,42.816119,80.216119,37.4
The Wedding Ringer,Jan,16,2015,23,64.460211,80.171596,15.711385
Muppets Most Wanted,Mar,21,2014,55,51.178893,79.312301,28.133408
R.I.P.D.,Jul,19,2013,130,33.618855,79.072464,45.453609
Skyline,Nov,12,2010,10,21.416355,78.693371,57.277016
Scary Movie V,Apr,12,2013,20,32.015787,78.613981,46.598194
Sicario,Sep,18,2015,30,46.889293,78.571737,31.682444
If I Stay,Aug,22,2014,11,50.474843,78.35617,27.881327
Paranormal Activity: The Ghost Dimension,Oct,23,2015,10,18.297124,78.096553,59.799429
Drive,Sep,16,2011,15,35.060689,78.054825,42.994136
The Boss,Apr,8,2016,29,63.07756,77.975209,14.897649
The Ides of March,Oct,7,2011,23,40.962534,77.735925,36.773391
Diary of a Wimpy Kid: Dog Days,Aug,3,2012,22,49.008662,77.229695,28.221033
Diary of a Wimpy Kid,Mar,19,2010,15,64.003625,76.954311,12.950686
The Mechanic,Jan,28,2011,42.5,29.121498,76.347393,47.225895
Easy A,Sep,17,2010,8,58.401464,76.200721,17.799257
The Judge,Oct,10,2014,50,47.119388,76.119388,29
The Book Thief,Nov,8,2013,19,21.488481,76.086711,54.59823
The Mortal Instruments: City of Bones,Aug,21,2013,60,31.165421,75.965567,44.800146
Mike and Dave Need Wedding Dates,Jul,8,2016,33,46.00108,75.90108,29.9
The Change-Up,Aug,5,2011,52,37.081475,75.835124,38.753649
The Back-up Plan,Apr,23,2010,35,37.490007,75.281179,37.791172
"I, Frankenstein",Jan,24,2014,65,19.07529,74.57529,55.5
Crimson Peak,Oct,16,2015,55,31.09032,74.456933,43.366613
To Rome with Love,Jun,22,2012,21.5,16.684352,74.363777,57.679425
Escape From Planet Earth,Feb,15,2013,40,57.012977,74.15661,17.143633
La famille Bélier,May,8,2015,11,0,74.056184,74.056184
War Room,Aug,28,2015,3,67.790117,73.975239,6.185122
Miracles from Heaven,Mar,16,2016,13,61.705123,73.78903,12.083907
Diary of a Wimpy Kid: Rodrick Rules,Mar,25,2011,18,52.698535,73.695194,20.996659
Brick Mansions,Apr,25,2014,28,20.396829,73.421224,53.024395
Here Comes the Boom,Oct,12,2012,42,45.290318,73.239258,27.94894
The Best Man Holiday,Nov,15,2013,17,70.525195,72.83571,2.310515
Miss Peregrine’s Home for Peculiar Children,Sep,30,2016,110,36.053483,72.553483,36.5
Colombiana,Aug,26,2011,40,36.665854,72.295262,35.629408
Sammy's avonturen: De geheime doorgang,Dec,31,2010,25,0,71.594792,71.594792
The Counselor,Oct,25,2013,25,16.973715,71.009334,54.035619
Anna Karenina,Nov,16,2012,49,12.816367,71.004627,58.18826
Son of God,Feb,28,2014,22,59.700064,70.949793,11.249729
The Cabin in the Woods,Apr,13,2012,30,42.073277,70.768144,28.694867
Takers,Aug,27,2010,32,57.74472,70.587268,12.842548
The Dilemma,Jan,14,2011,70,48.47529,70.546865,22.071575
Delivery Man,Nov,22,2013,22,30.659817,70.53687,39.877053
The Last Exorcism,Aug,27,2010,1.8,41.03435,70.1659,29.13155
Think Like a Man Too,Jun,20,2014,24,65.028687,70.027933,4.999246
The Call,Mar,15,2013,12.8,51.872378,69.821476,17.949098
Grudge Match,Dec,25,2013,40,29.80726,69.80726,40
The Transporter Refueled,Sep,4,2015,22,16.02967,69.698495,53.668825
The Age of Adaline,Apr,24,2015,30,42.629776,69.057415,26.427639
Begin Again,Jun,27,2014,8,16.170632,68.838736,52.668104
Moonrise Kingdom,May,25,2012,16,45.512466,68.582095,23.069629
One Direction: This is Us,Aug,30,2013,10,28.873374,68.541786,39.668412
The Boy,Jan,22,2016,10,35.819556,68.220952,32.401396
13 Hours: The Secret Soldiers of Benghazi,Jan,15,2016,50,52.853219,68.053219,15.2
The American,Sep,1,2010,20,35.606376,67.950723,32.344347
Legion,Jan,22,2010,26,40.16808,67.647574,27.479494
The Watch,Jul,27,2012,55,34.353,67.353,33
The Next Three Days,Nov,19,2010,30,21.148651,67.255916,46.107265
Run All Night,Mar,13,2015,50,26.461644,66.961644,40.5
Selma,Dec,25,2014,20,52.076908,66.776908,14.7
Tyler Perry's Madea's Witness Protection,Jun,29,2012,20,65.653242,66.776571,1.123329
Side Effects,Feb,8,2013,30,32.172757,66.742138,34.569381
Hot Tub Time Machine,Mar,26,2010,36,50.269859,65.96775,15.697891
The Ghost Writer,Feb,19,2010,45,15.541549,65.532491,49.990942
Killer Elite,Sep,23,2011,70,25.124986,65.409046,40.28406
Hanna,Apr,8,2011,30,40.259119,65.343694,25.084575
Jersey Boys,Jun,20,2014,40,47.047013,65.282732,18.235719
Something Borrowed,May,6,2011,35,39.046489,65.084116,26.037627
Haeundae,May,11,2010,16,0,64.733391,64.733391
The Host,Mar,29,2013,50,26.623701,64.477051,37.85335
"Hail, Caesar!",Feb,5,2016,22,30.080225,64.063475,33.98325
The Longest Ride,Apr,10,2015,34,37.446117,63.802928,26.356811
God’s Not Dead,Mar,21,2014,1.15,60.755732,63.777092,3.02136
Conan the Barbarian,Aug,19,2011,90,21.295021,63.356133,42.061112
Devil,Sep,17,2010,10,33.679655,63.354114,29.674459
Kick-Ass 2,Aug,16,2013,28,28.795985,63.129909,34.333924
Footloose,Oct,14,2011,24,51.802742,62.989834,11.187092
The Darkest Hour,Dec,25,2011,34.8,21.443494,62.831715,41.388221
Unfriended,Apr,17,2015,1,32.48209,62.561449,30.079359
A Walk Among the Tombstones,Sep,19,2014,28,26.017685,62.108587,36.090902
Brooklyn,Nov,4,2015,11,38.322743,62.076141,23.753398
Krampus,Dec,4,2015,15,42.725475,61.788393,19.062918
The Tree of Life,May,27,2011,35,13.305665,61.721826,48.416161
Nerve,Jul,27,2016,20,38.577985,61.677985,23.1
The Five-Year Engagement,Apr,27,2012,30,28.700285,61.623819,32.923534
Kubo and the Two Strings,Aug,19,2016,55,46.894048,61.494048,14.6
Larry Crowne,Jul,1,2011,30,35.608245,61.449135,25.84089
The Legend of Hercules,Jan,10,2014,70,18.848538,61.402445,42.553907
The Walk,Sep,30,2015,35,10.137502,61.173364,51.035862
Rock of Ages,Jun,15,2012,70,38.518613,61.031932,22.513319
Why Did I Get Married Too?,Apr,2,2010,20,60.095852,60.831067,0.735215
Astérix et Obélix: Au service de Sa Majesté,Dec,31,2012,77.6,0,60.680125,60.680125
Dallas Buyers Club,Nov,1,2013,5,27.298285,60.611845,33.31356
Runner Runner,Oct,4,2013,30,19.316646,60.51268,41.196034
Secretariat,Oct,8,2010,35,59.699513,60.376247,0.676734
Beautiful Creatures,Feb,14,2013,50,19.452138,60.282876,40.830738
The Perfect Guy,Sep,11,2015,18,57.017904,60.264805,3.246901
127 Hours,Nov,5,2010,18,18.33523,60.217171,41.881941
A Haunted House,Jan,11,2013,2.5,40.041683,59.922558,19.880875
Morning Glory,Nov,10,2010,40,31.011732,59.79507,28.783338
One Day,Aug,19,2011,15,13.843771,59.168692,45.324921
The Gift,Aug,7,2015,5,43.787265,58.978653,15.191388
The Master,Sep,14,2012,37.5,16.247159,58.792011,42.544852
That's My Boy,Jun,15,2012,57.5,36.931089,58.085235,21.154146
Yi dai zong shi,Aug,23,2013,38.6,6.594959,57.987299,51.39234
Snitch,Feb,22,2013,15,42.930462,57.907734,14.977272
Dolphin Tale 2,Sep,12,2014,36,42.024533,57.824533,15.8
End of Watch,Sep,21,2012,15,41.003371,57.586606,16.583235
Boyhood,Jul,11,2014,4,25.379975,57.273049,31.893074
The Nice Guys,May,20,2016,50,36.261763,57.261763,21
Woman in Gold,Apr,1,2015,11,33.307793,56.758138,23.450345
Remember Me,Mar,12,2010,16,19.06824,56.50612,37.43788
The Crazies,Feb,26,2010,19,39.123589,56.445534,17.321945
Quartet,Jan,11,2013,11,18.388357,56.178935,37.790578
Silent Hill: Revelation 3D,Oct,26,2012,20,17.530219,55.975672,38.445453
Cop Out,Feb,26,2010,37,44.875481,55.90991,11.034429
Zoolander 2,Feb,12,2016,50,28.848693,55.348693,26.5
The Odd Life of Timothy Green,Aug,15,2012,40,51.85345,55.249159,3.395709
Extremely Loud and Incredibly Close,Dec,25,2011,40,31.847881,55.247881,23.4
The Giver,Aug,15,2014,25,45.090374,55.090374,10
St. Vincent,Oct,10,2014,13,44.137712,54.837234,10.699522
Barbershop: The Next Cut,Apr,15,2016,20,54.030051,54.402054,0.372003
Lawless,Aug,29,2012,26,37.397291,54.393637,16.996346
No Good Deed,Sep,12,2014,13.2,52.543632,54.32321,1.779578
Sinister 2,Aug,21,2015,10,27.740955,54.104225,26.36327
The Three Stooges,Apr,13,2012,30,44.338224,54.052249,9.714025
Madea's Big Happy Family,Apr,22,2011,25,53.345287,53.345287,0
From Paris With Love,Feb,5,2010,52,24.077427,53.139168,29.061741
That Awkward Moment,Jan,31,2014,8,26.068955,53.068955,27
Konferenz der Tiere,Dec,31,2010,30,0,53.048539,53.048539
The Boy Next Door,Jan,23,2015,4,35.42338,52.819253,17.395873
The Roommate,Feb,4,2011,16,37.300107,52.545707,15.2456
Tyler Perry's A Madea Christmas,Dec,13,2013,25,52.543354,52.543354,0
Wild,Dec,3,2014,15,37.880356,52.501541,14.621185
The Night Before,Nov,20,2015,25,43.035725,52.427346,9.391621
Le Petit Nicolas,Feb,19,2010,30,0.201857,52.339566,52.137709
Homefront,Nov,27,2013,22,20.158492,51.695362,31.53687
Daybreakers,Jan,8,2010,20,30.101577,51.445503,21.343926
The Family,Sep,13,2013,30,36.918811,51.078541,14.15973
Yeh Jawaani Hai Deewani,May,31,2013,8.3,3.827466,50.827466,47
August: Osage County,Dec,25,2013,25,37.73881,50.73881,13
About Last Night,Feb,14,2014,13,48.637684,50.44586,1.808176
Red Tails,Jan,20,2012,58,49.876377,50.365498,0.489121
Concussion,Dec,25,2015,35,34.531832,50.36379,15.831958
Nightcrawler,Oct,31,2014,8.5,32.381218,50.334418,17.9532
Winnie the Pooh,Jul,15,2011,30,26.692846,50.145607,23.452761
Operation Chromite,Aug,5,2016,12.7,1.02272,50.012562,48.989842
The Switch,Aug,20,2010,19,27.758465,49.858465,22.1
How Do You Know?,Dec,17,2010,120,30.21262,49.628177,19.415557
Death at a Funeral,Apr,16,2010,21,42.739347,48.977233,6.237886
Alpha and Omega 3D,Sep,17,2010,20,25.107267,48.958353,23.851086
Her,Dec,18,2013,23,25.568251,48.78309,23.214839
She's Out of My League,Mar,12,2010,20,32.01086,48.680977,16.670117
Parker,Jan,25,2013,35,17.616641,48.543388,30.926747
Les petits mouchoirs,Aug,24,2012,25,0.205505,48.530887,48.325382
Charlie St. Cloud,Jul,30,2010,44,31.206263,48.478084,17.271821
The Big Wedding,Apr,26,2013,32.5,21.819348,48.425971,26.606623
The Last Stand,Jan,18,2013,30,12.050299,48.330757,36.280458
The Finest Hours,Jan,29,2016,70,27.569558,48.197252,20.627694
Red Dawn,Nov,21,2012,65,44.806783,48.16415,3.357367
Scott Pilgrim vs. The World,Aug,13,2010,85,31.611316,48.056764,16.445448
Trouble with the Curve,Sep,21,2012,60,35.763137,47.818913,12.055776
Arthur,Apr,8,2011,40,33.035397,47.787943,14.752546
Hachiko: A Dog's Story,Mar,9,2010,16,0,47.707417,47.707417
Texas Chainsaw 3D,Jan,4,2013,20,34.341945,47.666013,13.324068
The World's End,Aug,23,2013,20,26.004851,47.508505,21.503654
Soul Surfer,Apr,8,2011,18,43.853424,47.158652,3.305228
The Place Beyond the Pines,Mar,29,2013,15,21.403519,47.011449,25.60793
The Spy Next Door,Jan,15,2010,28,24.307106,46.752858,22.445752
The Debt,Aug,31,2011,20,31.177548,46.604054,15.426506
Machete,Sep,3,2010,12.5,26.593646,46.37097,19.777324
Des Hommes et Des Dieux,Feb,25,2011,5,3.954651,46.263525,42.308874
Entourage,Jun,3,2015,30,32.363404,46.225326,13.861922
Risen,Feb,19,2016,20,36.880033,46.169871,9.289838
"McFarland, USA",Feb,20,2015,17,44.480275,45.707924,1.227649
Man on a Ledge,Jan,27,2012,42,18.62,45.688337,27.068337
Hot Pursuit,May,8,2015,35,34.580201,45.680201,11.1
Florence Foster Jenkins,Aug,12,2016,29,27.206789,44.206789,17
Oculus,Apr,11,2014,5,27.695246,44.115496,16.42025
House at the End of the Street,Sep,21,2012,6.9,31.611916,44.103982,12.492066
Max,Jun,26,2015,20,42.656255,43.658157,1.001902
Going the Distance,Sep,3,2010,32,17.804299,43.60399,25.799691
The DUFF,Feb,20,2015,8.5,34.030343,43.528634,9.498291
Eddie the Eagle,Feb,26,2016,23,15.789389,43.145662,27.356273
Legend,Nov,20,2015,25,1.872994,42.642077,40.769083
Chernobyl Diaries,May,25,2012,1,18.11964,42.411721,24.292081
My Name is Khan,Feb,12,2010,8.47,4.046336,42.355526,38.30919
Joheunnom nabbeunnom isanghannom,Apr,23,2010,10,0.128486,42.226657,42.098171
21 and Over,Mar,1,2013,13,25.68238,42.195766,16.513386
Earth to Echo,Jul,2,2014,13,38.934842,42.174545,3.239703
Love the Coopers,Nov,13,2015,18,26.302731,42.167286,15.864555
"As Above, So Below",Aug,29,2014,5,21.222315,41.799626,20.577311
The Gallows,Jul,10,2015,0.1,22.76441,41.753881,18.989471
Still Alice,Jan,16,2015,5,18.6564,41.699612,23.043212
Dream House,Sep,30,2011,50,21.30234,41.642166,20.339826
Safe,Apr,27,2012,33,17.14208,41.495213,24.353133
Dredd,Sep,21,2012,45,13.414714,41.467606,28.052892
50/50,Sep,30,2011,8,35.016118,41.334735,6.318617
This is Where I Leave You,Sep,19,2014,20,34.29632,41.29632,7
The Guilt Trip,Dec,19,2012,40,37.134215,41.294674,4.160459
Don Jon,Sep,27,2013,5.5,24.477704,41.268579,16.790875
Drive Angry,Feb,25,2011,50,10.721033,41.042583,30.32155
30 Minutes or Less,Aug,12,2011,28,37.053924,40.966716,3.912792
El secreto de sus ojos,Apr,16,2010,3.5,6.391436,40.527719,34.136283
Fright Night,Aug,19,2011,30,18.298649,40.520649,22.222
Ricki and the Flash,Aug,7,2015,18,26.822144,40.487973,13.665829
The Witch,Feb,19,2016,3.5,25.138705,40.45452,15.315815
The Forest,Jan,8,2016,10,26.594261,39.803818,13.209557
Monte Carlo,Jul,1,2011,20,23.186769,39.686769,16.5
Mars Needs Moms,Mar,11,2011,150,21.392758,39.549758,18.157
Sin City: A Dame to Kill For,Aug,22,2014,65,13.757804,39.499349,25.741545
Furry Vengeance,Apr,30,2010,35,17.630465,39.340177,21.709712
Killing Them Softly,Nov,30,2012,15,14.945541,39.238443,24.292902
Brooklyn's Finest,Mar,5,2010,17,27.163593,39.233233,12.06964
Million Dollar Arm,May,10,2014,25,36.447959,39.217912,2.769953
No Escape,Aug,26,2015,5,27.288872,39.157326,11.868454
Don't Be Afraid of the Dark,Aug,26,2011,25,24.046682,39.126427,15.079745
Agora,May,28,2010,70,0.619423,38.992292,38.372869
3 Days to Kill,Feb,21,2014,28,30.697999,38.9599,8.261901
The Warlords,Apr,2,2010,40,0.129078,38.899792,38.770714
The Sitter,Dec,9,2011,25,30.542576,38.749404,8.206828
The Gambler,Dec,10,2014,25,33.680992,38.718031,5.037039
Jumping the Broom,May,6,2011,7,37.295394,38.158601,0.863207
Carnage,Dec,16,2011,25,2.546747,38.112154,35.565407
Beastly,Mar,4,2011,17,27.865571,38.02823,10.162659
For Colored Girls,Nov,5,2010,21,37.729698,38.017873,0.288175
Deepwater Horizon,Sep,30,2016,156,25.439985,37.839985,12.4
Ex Machina,Apr,10,2015,13,25.440971,37.065887,11.624916
Amour,Dec,19,2012,9.7,6.738954,36.787044,30.04809
Barfi,Sep,14,2012,4.6,2.804874,36.751984,33.94711
Haywire,Jan,20,2012,23,18.942396,36.3747,17.432304
The Kids Are All Right,Jul,9,2010,4,20.811365,36.275469,15.464104
A Very Harold & Kumar 3D Christmas,Nov,4,2011,20,35.061031,36.265745,1.204714
Room,Oct,16,2015,13,14.677674,36.226429,21.548755
One for the Money,Jan,27,2012,42,26.414527,36.197221,9.782694
Devil's Due,Jan,17,2014,7,15.821461,36.146087,20.324626
Criminal,Apr,15,2016,31.5,14.708696,36.131497,21.422801
A Most Wanted Man,Jul,25,2014,15,17.237855,36.06889,18.831035
The Eagle,Feb,11,2011,25,19.490041,36.054706,16.564665
Arbitrage,Sep,14,2012,12,7.919574,35.830713,27.911139
Faster,Nov,24,2010,24,23.24002,35.792945,12.552925
Tyler Perry's Good Deeds,Feb,24,2012,14,35.025791,35.579177,0.553386
Alex Cross,Oct,19,2012,35,25.888412,35.426759,9.538347
Steve Jobs,Oct,9,2015,30,17.766658,35.403508,17.63685
The Lazarus Effect,Feb,27,2015,5,25.80157,35.341814,9.540244
Courageous,Sep,30,2011,2,34.522221,35.185884,0.663663
Die Welle,May,27,2011,7.25,0,35.122948,35.122948
The November Man,Aug,27,2014,15,25.018119,34.820335,9.802216
Endless Love,Feb,14,2014,20,23.43825,34.614964,11.176714
Broken City,Jan,18,2013,35,19.701164,34.480045,14.778881
Zambezia,Dec,31,2012,20,0,34.454631,34.454631
You Will Meet a Tall Dark Stranger,Sep,22,2010,15,3.247816,34.247816,31
Viy,Jun,30,2015,26,0,34.24677,34.24677
My Week with Marilyn,Nov,23,2011,10,14.597405,34.240572,19.643167
Lockout,Apr,13,2012,20,14.326865,33.943049,19.616184
Self/Less,Jul,10,2015,26,12.279691,33.713827,21.434136
Whiplash,Oct,10,2014,3.3,13.092006,33.474334,20.382328
2016: Obama’s America,Jul,13,2012,2.5,33.349941,33.349941,0
Get on Up,Aug,1,2014,30,30.569935,33.315804,2.745869
Victor Frankenstein,Nov,25,2015,40,5.775076,33.175076,27.4
The Perks of Being a Wallflower,Sep,21,2012,13,17.742948,33.069303,15.326355
Seven Psychopaths,Oct,12,2012,13.5,15.024049,33.035736,18.011687
Inside Llewyn Davis,Dec,6,2013,11,13.248209,32.943247,19.695038
Eye in the Sky,Mar,11,2016,13,18.704596,32.848185,14.143589
You Again,Sep,24,2010,20,25.702053,32.838945,7.136892
Katy Perry: Part of Me,Jul,5,2012,12,25.326071,32.700439,7.374368
Burnt,Oct,30,2015,20,13.651946,32.632668,18.980722
Leap Year,Jan,8,2010,19,25.91892,32.61892,6.7
Kevin Hart: Let Me Explain,Jul,3,2013,2.5,32.244051,32.327255,0.083204
Blair Witch,Sep,16,2016,10,19.58113,32.29613,12.715
Project Almanac,Jan,30,2015,12,22.348241,32.248241,9.9
Shark Night 3D,Sep,2,2011,25,18.877153,32.209741,13.332588
Mud,Apr,26,2013,10,21.590086,31.556959,9.966873
Premium Rush,Aug,24,2012,35,20.275446,31.393201,11.117755
Movie 43,Jan,25,2013,10,8.840453,31.164747,22.324294
Joyful Noise,Jan,13,2012,27.5,30.932113,31.157914,0.225801
Spring Breakers,Mar,15,2013,5,14.124286,31.149251,17.024965
The Water Diviner,Apr,24,2015,22.5,4.200117,30.864649,26.664532
Secret in Their Eyes,Nov,20,2015,20,20.180155,30.808558,10.628403
The Raven,Apr,27,2012,26,16.008272,30.601801,14.593529
Mortdecai,Jan,23,2015,60,7.696134,30.396134,22.7
What's Your Number?,Sep,30,2011,20,14.011084,30.163785,16.152701
When the Game Stands Tall,Aug,22,2014,15,30.127963,30.138912,0.010949
Metegol,Dec,31,2013,22,0,30.051905,30.051905
The Losers,Apr,23,2010,25,23.591432,29.86384,6.272408
La grande bellezza,Nov,15,2013,12,2.883879,29.549145,26.665266
When the Bough Breaks,Sep,9,2016,10,28.86588,29.301205,0.435325
Draft Day,Apr,11,2014,25,28.842237,29.276904,0.434667
Case 39,Oct,1,2010,27,13.261851,28.773827,15.511976
The Brothers Grimsby,Mar,11,2016,35,6.864016,28.748384,21.884368
Let Me In,Oct,1,2010,20,12.134935,28.270399,16.135464
The 33,Nov,13,2015,25,12.227722,28.090896,15.863174
Cirque du Soleil: Worlds Away,Dec,21,2012,25,12.512862,28.012862,15.5
The Best of Me,Oct,17,2014,26,26.766213,27.866213,1.1
Dark Skies,Feb,22,2013,3.5,17.418667,27.704111,10.285444
The Thing,Oct,14,2011,38,16.92867,27.501814,10.573144
Mandela: Long Walk to Freedom,Nov,29,2013,35,8.323085,27.480015,19.15693
Ramona and Beezus,Jul,23,2010,15,26.167002,27.469621,1.302619
Norm of the North,Jan,15,2016,18,17.062499,27.426111,10.363612
The Incredible Burt Wonderstone,Mar,15,2013,32,22.537881,27.392609,4.854728
Un monstre à Paris,Apr,16,2013,40,0,27.000381,27.000381
Splice,Jun,4,2010,30,17.01017,26.857459,9.847289
The Way Way Back,Jul,5,2013,5,21.50269,26.85381,5.35112
Baahubali: The Beginning,Jul,10,2015,40,6.738,26.738,20
Apollo 18,Sep,2,2011,5,17.686929,26.517819,8.83089
Upside Down,Mar,15,2013,50,0.102118,26.387039,26.284921
Jobs,Aug,16,2013,18,16.13141,26.13141,10
Your Highness,Apr,8,2011,50,21.596445,26.121638,4.525193
Mao's Last Dancer,Aug,20,2010,18,4.80675,25.941437,21.134687
Our Idiot Brother,Aug,26,2011,5,24.81483,25.861249,1.046419
Big Miracle,Feb,3,2012,40,20.1573,25.693998,5.536698
Top Five,Dec,12,2014,12,25.317379,25.514848,0.197469
Elle s'appelait Sarah,Jul,22,2011,14.5,7.6917,25.480031,17.788331
The Last Exorcism Part II,Mar,1,2013,4,15.179303,25.448707,10.269404
The Cold Light of Day,Sep,7,2012,20,3.763583,25.361206,21.597623
Le prénom,Nov,16,2012,11,0.061611,25.307405,25.245794
Grace of Monaco,Dec,1,2015,30,0,25.199891,25.199891
Mr. Turner,Dec,19,2014,14,3.958546,25.187026,21.22848
Aloha,May,29,2015,37,21.05203,24.935799,3.883769
Whiskey Tango Foxtrot,Mar,4,2016,35,23.083334,24.888742,1.805408
Nebraska,Nov,15,2013,12,17.654912,24.76136,7.106448
Lottery Ticket,Aug,20,2010,17,24.719879,24.719879,0
Biutiful,Jan,21,2010,35,5.101237,24.687524,19.586287
Sparkle,Aug,17,2012,10,24.397469,24.660323,0.262854
I Don't Know How She Does It,Sep,16,2011,24,9.659074,24.474463,14.815389
Jodaeiye Nader az Simin,Dec,30,2011,0.8,7.098492,24.426169,17.327677
Warrior,Sep,9,2011,25,13.657115,24.215385,10.55827
Wanderlust,Feb,24,2012,32.5,17.288155,24.159934,6.871779
The Railway Man,Apr,11,2014,18,4.438438,23.91021,19.471772
Snowden,Sep,16,2016,50,19.463078,23.463078,4
Triple 9,Feb,26,2016,20,12.639297,23.39038,10.751083
Before Midnight,May,24,2013,3,8.110621,23.376973,15.266352
Hoodwinked Too: Hood vs. Evil,Apr,29,2011,30,10.143779,23.353111,13.209332
Soul Kitchen,Aug,20,2010,4.9,0.276901,23.347469,23.070568
Beasts of the Southern Wild,Jun,27,2012,1.8,12.795746,23.265132,10.469386
"I Love You, Phillip Morris",Dec,3,2010,13,2.037459,23.014027,20.976568
La Vie d'Adèle – Chapitres 1 & 2,Oct,11,2013,5.25,2.450504,22.937201,20.486697
Baggage Claim,Sep,27,2013,8.5,21.569509,22.885836,1.316327
Enough Said,Sep,18,2013,8,17.550872,22.850872,5.3
Young Adult,Dec,9,2011,12,16.311571,22.750356,6.438785
Polisse,May,18,2012,8.9,0.176988,22.744132,22.567144
Bullet to the Head,Feb,1,2013,55,9.489829,22.597969,13.10814
Trance,Apr,5,2013,16,2.322593,22.594052,20.271459
Winter's Tale,Feb,14,2014,60,12.600231,22.46862,9.868389
Free State of Jones,Jun,24,2016,50,20.810036,22.242337,1.432301
Race,Feb,19,2016,5,19.115191,22.178125,3.062934
Three Kingdoms: Resurrection of the Dragon,Apr,13,2010,20,0,22.13959,22.13959
The Man with the Iron Fists,Nov,2,2012,15,15.63409,22.018988,6.384898
Feichang Xingyun,Sep,20,2013,8,0,21.97,21.97
Just Wright,May,14,2010,12,21.540363,21.867665,0.327302
Melancholia,Nov,11,2011,9.4,3.030848,21.817298,18.78645
Black or White,Dec,3,2014,9,21.571189,21.571189,0
The Rum Diary,Oct,28,2011,45,13.109815,21.544732,8.434917
Our Family Wedding,Mar,12,2010,14,20.255281,21.410546,1.155265
Buried,Sep,24,2010,1.98765,1.044143,21.27029,20.226147
A Haunted House 2,Apr,18,2014,4,17.329487,21.206861,3.877374
The Guard,Jul,29,2011,6,5.359774,21.197454,15.83768
Red Dog,Dec,31,2011,9.1,0,20.927794,20.927794
Khumba,Dec,6,2013,15,0,20.898221,20.898221
A Thousand Words,Mar,9,2012,40,18.450127,20.790486,2.340359
Left Behind,Oct,3,2014,16,14.019924,20.769209,6.749285
Fifty Shades of Black,Jan,29,2016,5,11.68694,20.765352,9.078412
It Follows,Mar,13,2015,2,14.674077,20.649774,5.975697
Keanu,Apr,29,2016,15,20.591853,20.609977,0.018124
Country Strong,Dec,22,2010,15,20.218921,20.601987,0.383066
The Nutcracker in 3D,Nov,24,2010,90,0.195459,20.466016,20.270557
Margin Call,Oct,21,2011,3.4,5.353586,20.433227,15.079641
Shame,Dec,2,2011,6.5,4.002293,20.412841,16.410548
Hodejegerne,Apr,27,2012,5.25,1.20001,20.18874,18.98873
Legends of Oz: Dorothy’s Return,May,9,2014,70,8.462347,20.107933,11.645586
Another Year,Dec,29,2010,8,3.205706,20.005613,16.799907
Un Prophète,Feb,26,2010,13,2.08772,19.910624,17.822904
Youth in Revolt,Jan,8,2010,18,15.285588,19.685588,4.4
Dead Man Down,Mar,8,2013,30,10.895295,19.599974,8.704679
Before I Go to Sleep,Oct,31,2014,22,3.242457,19.563579,16.321122
Blackhat,Jan,16,2015,70,7.889395,19.535476,11.646081
Mine Vaganti,Dec,31,2010,9.1,0,18.872126,18.872126
Admission,Mar,22,2013,13,18.007317,18.733666,0.726349
Housefull,Apr,30,2010,10.1,1.183658,18.7263,17.542642
[Rec] 2,Jul,9,2010,5.6,0.027766,18.527766,18.5
Sabotage,Mar,28,2014,35,10.508518,18.376443,7.867925
Jagten,May,17,2013,3.45,0.687185,18.309793,17.622608
Machete Kills,Oct,11,2013,20,8.008161,18.273009,10.264848
Repo Men,Mar,19,2010,32,13.942007,18.195238,4.253231
Dope,Jun,19,2015,7,17.50647,18.190831,0.684361
Stolen,Sep,14,2012,35,0.289773,17.967746,17.677973
Brothers,Aug,14,2015,13,0.656688,17.856688,17.2
The Infiltrator,Jul,13,2016,47.5,15.43142,17.824753,2.393333
The Oxford Murders,Aug,6,2010,10,0.004803,17.704131,17.699328
Little Boy,Apr,24,2015,20,6.485961,17.684355,11.198394
Fruitvale Station,Jul,12,2013,0.9,16.098998,17.549645,1.450647
Addicted,Oct,10,2014,5,17.39077,17.499242,0.108472
Glee: The 3D Concert Movie,Aug,10,2011,9,11.862398,17.462398,5.6
And So It Goes,Jul,25,2014,18,15.160801,17.360801,2.2
Hit & Run,Aug,22,2012,22,13.7493,17.216955,3.467655
Kites,May,21,2010,9.2,1.685269,17.155193,15.469924
Somewhere,Dec,22,2010,7,1.785645,17.023121,15.237476
My Soul to Take,Oct,8,2010,25,14.744435,16.72747,1.983035
Battle of the Year,Sep,20,2013,20,8.888355,16.723377,7.835022
Silent House,Mar,9,2012,2,12.739737,16.61076,3.871023
Blue Valentine,Dec,29,2010,1,9.737892,16.56624,6.828348
Sea Rex 3D: Journey to a Prehistoric World,May,28,2010,5,6.096582,16.515203,10.418621
The Words,Sep,7,2012,6,11.494838,16.369708,4.87487
Pride and Prejudice and Zombies,Feb,5,2016,28,10.907291,16.311335,5.404044
Paranoia,Aug,16,2013,40,7.388654,16.173593,8.784939
Winter's Bone,Jun,11,2010,2,6.531503,16.131551,9.600048
Incendies,Sep,17,2010,6.8,6.857096,16.038343,9.181247
The Conspirator,Apr,15,2011,25,11.538204,15.907411,4.369207
Big Eyes,Dec,25,2014,10,14.482031,15.875318,1.393287
Haevnen,Apr,1,2011,5.5,1.008098,15.867314,14.859216
Extraordinary Measures,Jan,22,2010,31,12.482741,15.826984,3.344243
Anonymous,Oct,28,2011,27.5,4.463292,15.815509,11.352217
The Last Station,Jan,15,2010,18,6.617867,15.696146,9.078279
Made in Dagenham,Nov,19,2010,8,1.095369,15.644196,14.548827
Out of the Furnace,Dec,4,2013,22,11.330849,15.434375,4.103526
Ida,May,2,2014,2.6,3.82706,15.298355,11.471295
Snezhnaya koroleva,Jan,28,2014,7,0,15.20633,15.20633
Io sono l’amore,Jun,18,2010,10,5.005465,15.132211,10.126746
The Reef,Dec,31,2010,10,0,15.037867,15.037867
Scout's Guide to the Zombie Apocalypse,Oct,30,2015,15,3.703046,14.947243,11.244197
Regression,Oct,30,2015,20,0.055039,14.883495,14.828456
A Dangerous Method,Nov,23,2011,20,5.702083,14.807531,9.105448
Khiladi 786,Dec,7,2012,5.6,0.385422,14.683763,14.298341
Beyond the Lights,Nov,14,2014,7,14.618727,14.618727,0
Red Lights,Jul,13,2012,17.7,0.049521,14.518884,14.469363
Beginners,Jun,3,2011,3.2,5.790894,14.314407,8.523513
Do You Believe?,Mar,20,2015,2.3,12.9856,14.30554,1.31994
Labor Day,Jan,31,2014,18,13.371528,14.18981,0.818282
The Gunman,Mar,20,2015,40,10.664749,13.644292,2.979543
Redemption,Jun,28,2013,23,0.036686,13.593473,13.556787
Le Havre,Oct,21,2011,5.5,0.611709,13.480196,12.868487
While We're Young,Mar,27,2015,10,7.582065,13.423176,5.841111
Akmareul Boatda,Mar,4,2011,6,0.12921,13.168809,13.039599
Hillary’s America: The Secret History of the Democratic Party,Jul,15,2016,5,13.086824,13.086824,0
The Vatican Tapes,Jul,24,2015,13,1.784763,12.986189,11.201426
The Green Inferno,Sep,25,2015,1,7.192291,12.931569,5.739278
Unfinished Business,Mar,6,2015,35,10.219501,12.819501,2.6
The Light Between Oceans,Sep,2,2016,20,12.322798,12.755889,0.433091
Bachelorette,Sep,7,2012,3,0.44677,12.577401,12.130631
People Like Us,Jun,29,2012,16,12.431792,12.519804,0.088012
Hot Tub Time Machine 2,Feb,20,2015,14,12.314651,12.452601,0.13795
The Interview,Feb,6,2014,44,6.105175,12.342632,6.237457
The Lunchbox,Feb,28,2014,1.7,4.2315,12.2315,8
Stoker,Mar,1,2013,12,1.703125,12.079308,10.376183
Harry Brown,Apr,30,2010,7.3,1.818681,12.023606,10.204925
Chloe,Mar,26,2010,13,3.075255,11.831131,8.755876
Conviction,Oct,15,2010,12.5,6.797696,11.82698,5.029284
Getaway,Aug,30,2013,18,10.501938,11.813989,1.312051
Trance,Dec,31,2010,0.95,0,11.784772,11.784772
Seeking a Friend for the End of the World,Jun,22,2012,10,7.078738,11.766959,4.688221
Micmacs,May,28,2010,42,1.259693,11.756922,10.497229
Dum Maaro Dum,Apr,22,2011,5.2,0.564489,11.633427,11.068938
The Sessions,Oct,19,2012,1,6.002451,11.495204,5.492753
Reign of Assassins,Dec,31,2011,14,0,11.35423,11.35423
Snow Flower and the Secret Fan,Jul,15,2011,6,1.348205,11.348205,10
Frances Ha,May,17,2013,3,4.067398,11.267511,7.200113
Shanghai,Oct,2,2015,50,0.046425,11.258055,11.21163
Straw Dogs,Sep,16,2011,25,10.324441,11.253821,0.92938
Never Let Me Go,Sep,15,2010,15,2.434652,11.173718,8.739066
Fun Size,Oct,26,2012,14,9.409538,11.166615,1.757077
Jonah Hex,Jun,18,2010,47,10.547117,11.022696,0.475579
Get Low,Jul,30,2010,7,9.176933,10.828305,1.651372
We Need to Talk About Kevin,Dec,9,2011,7,1.738692,10.765283,9.026591
Prom,Apr,29,2011,8,10.130219,10.763183,0.632964
The Apparition,Aug,24,2012,17,4.936819,10.637281,5.700462
Moms’ Night Out,May,9,2014,5,10.429707,10.537341,0.107634
Dangerous Liaisons,Nov,9,2012,24.2,0.017,10.447579,10.430579
LOL,May,4,2012,11,0,10.431506,10.431506
Thunder and the House of Magic,Sep,5,2014,34,0.004091,10.392666,10.388575
All is Lost,Oct,18,2013,8.5,6.26367,10.29201,4.02834
Snabba Cash,Jul,11,2012,4.3,0.18887,10.212403,10.023533
We Are Your Friends,Aug,28,2015,2,3.591417,10.166209,6.574792
ABCD (Any Body Can Dance),Feb,8,2013,1.9,0.222098,10.137234,9.915136
Bernie,Apr,27,2012,6,9.204489,10.106975,0.902486
Cyrus,Jun,18,2010,7,7.468936,10.062896,2.59396
For Greater Glory,Jun,1,2012,12,5.669081,10.026255,4.357174
Airlift (2016),Dec,31,2016,4.4,0,9.969237,9.969237
The Perfect Match,Mar,11,2016,5,9.669521,9.669521,0
Winter in Wartime,Mar,18,2011,5.8,0.54286,9.662214,9.119354
Popstar: Never Stop Never Stopping,Jun,3,2016,20,9.49613,9.53712,0.04099
Belka i Strelka. Zvezdnye sobaki,Dec,31,2010,25,0,9.445081,9.445081
Ernest et Celestine,Mar,1,2013,12.5,0.292562,9.376444,9.083882
Salvando al Soldado Perez,Sep,2,2011,4.5,1.400726,9.330465,7.929739
On the Road,Dec,21,2012,25,0.720828,9.313302,8.592474
Peeples,May,10,2013,15,9.177065,9.307166,0.130101
Promised Land,Dec,28,2012,15,7.597898,9.300336,1.702438
Serbuan maut,Mar,23,2012,1.1,4.105123,9.297407,5.192284
Le nom des gens,Jun,24,2011,4.6,0.514237,9.261711,8.747474
Mientras duermes,Oct,26,2012,5,0,9.109597,9.109597
Meet the Blacks,Apr,1,2016,0.9,9.097072,9.097072,0
Metallica Through the Never,Sep,27,2013,18,3.419967,9.082906,5.662939
The Collection,Nov,30,2012,10,6.810754,8.890094,2.07934
Barney's Version,Dec,17,2010,30,7.50256,8.845575,1.343015
Inherent Vice,Dec,12,2014,20,8.110975,8.692898,0.581923
MacGruber,May,21,2010,10,8.5256,8.629895,0.104295
Xinhai geming,Oct,7,2011,30,0.135739,8.593154,8.457415
Our Brand is Crisis,Oct,30,2015,28,7.002261,8.592432,1.590171
Albert Nobbs,Dec,21,2011,7.5,3.014696,8.539003,5.524307
The Warrior's Way,Dec,3,2010,42,5.66634,8.514325,2.847985
Casa de mi Padre,Mar,16,2012,6,5.909483,8.446952,2.537469
Chasing Mavericks,Oct,26,2012,20,6.002756,8.300821,2.298065
La véritable histoire du Chat Botté,Oct,4,2011,25,0,8.208594,8.208594
Sardaar Ji,Dec,31,2015,2.7,0,8.2,8.2
City Island,Mar,19,2010,6,6.671283,8.173486,1.502203
Animal Kingdom,Aug,13,2010,4.2,1.044039,8.078683,7.034644
Centurion,Aug,27,2010,15,0.12357,7.885048,7.761478
Cedar Rapids,Feb,11,2011,10,6.861102,7.862131,1.001029
Bad Words,Mar,14,2014,10,7.779614,7.843145,0.063531
The Sweeney,Mar,1,2013,4.5,0.026345,7.838405,7.81206
Inside Job,Oct,8,2010,2,4.311834,7.799257,3.487423
Nowhere Boy,Oct,8,2010,1.9,1.445366,7.785229,6.339863
Kevin Hart: Laugh at My Pain,Sep,9,2011,0.75,7.706436,7.712436,0.006
The Big Year,Oct,14,2011,41,7.204138,7.684524,0.480386
The Immigrant,May,16,2014,16,2.013456,7.585011,5.571555
Take Me Home Tonight,Mar,4,2011,19,6.928068,7.576604,0.648536
Danny Collins,Mar,20,2015,10,5.637066,7.501132,1.864066
Compadres,Apr,22,2016,3,3.127773,7.445044,4.317271
Morgan,Sep,2,2016,8,3.915251,7.315251,3.4
Black Nativity,Nov,27,2013,17.5,7.018188,7.285135,0.266947
Under the Skin,Apr,4,2014,13.3,2.614251,7.229933,4.615682
The Young Messiah,Mar,11,2016,16.8,6.469813,7.155967,0.686154
La Cara Oculta,Dec,31,2011,2.6,0,7.033931,7.033931
The Awakening,Aug,17,2012,4.9,0.095933,6.924321,6.828388
The Spectacular Now,Aug,2,2013,2.5,6.852971,6.916951,0.06398
Midnight Special,Mar,18,2016,18,3.712282,6.841142,3.12886
Nie yin niang,Oct,16,2015,15,0.632542,6.832542,6.2
Bran Nue Dae,Sep,10,2010,6.75,0.113568,6.81253,6.698962
It's Kind of a Funny Story,Oct,8,2010,8,6.363628,6.63295,0.269322
Wish I Was Here,Jul,18,2014,6,3.591299,6.591365,3.000066
Trash,Oct,9,2015,12,0.017484,6.553186,6.535702
Attack the Block,Jul,29,2011,13,1.024175,6.459183,5.435008
Rabbit Hole,Dec,17,2010,5,2.229058,6.205034,3.975976
The Fifth Estate,Oct,18,2013,26,3.254172,6.154172,2.9
Dylan Dog: Dead of Night,Apr,29,2011,20,1.186538,6.093725,4.907187
A Most Violent Year,Dec,31,2014,20,5.749134,6.071433,0.322299
Samsara,Aug,24,2012,4,2.672413,5.966671,3.294258
Fish Tank,Jan,15,2010,3,0.374675,5.922292,5.547617
20 Feet From Stardom,Jun,14,2013,1,4.94625,5.892466,0.946216
Jab Tak Hai Jaan,Nov,13,2012,9.2,3.047539,5.797456,2.749917
The Skeleton Twins,Sep,12,2014,1,5.284309,5.797192,0.512883
Won't Back Down,Sep,28,2012,19,5.310554,5.714913,0.404359
Trolljegeren,Jun,10,2011,3.5,0.253444,5.706638,5.453194
Monsters,Oct,29,2010,0.5,0.237301,5.63973,5.402429
L'illusionniste,Dec,25,2010,17,2.231474,5.631474,3.4
The Frozen Ground,Aug,23,2013,19.2,0,5.61746,5.61746
Anomalisa,Dec,30,2015,8,3.759286,5.531455,1.772169
Tucker & Dale vs. Evil,Sep,30,2011,5,0.223838,5.476793,5.252955
Martha Marcy May Marlene,Oct,21,2011,1,2.981038,5.438911,2.457873
October Baby,Mar,23,2012,1,5.355847,5.391992,0.036145
Ironclad,Jul,8,2011,25,0,5.297411,5.297411
The Runaways,Mar,19,2010,9.5,3.573673,5.278632,1.704959
The Beaver,May,6,2011,21,0.970816,5.046038,4.075222
Mother and Child,May,7,2010,7,1.110509,5.010509,3.9
Take Shelter,Sep,30,2011,4.75,1.728953,4.972016,3.243063
Robot & Frank,Aug,17,2012,2.5,3.317468,4.934356,1.616888
"Guten Tag, Ramon",Jan,30,2015,4,0.154356,4.854356,4.7
90 Minutes in Heaven,Sep,11,2015,5,4.816142,4.816142,0
Tao Jie,Feb,26,2013,5.4,0,4.728896,4.728896
Hands of Stone,Aug,26,2016,20,4.710125,4.716372,0.006247
"Jeff, Who Lives at Home",Mar,16,2012,10,4.269426,4.708127,0.438701
Demonic,Dec,31,2014,3,0,4.668109,4.668109
Killer Joe,Jul,27,2012,10,1.291645,4.65911,3.367465
Everybody Wants Some,Mar,30,2016,10,3.400278,4.608655,1.208377
Submarine,Jun,3,2011,1.9,0.467602,4.581937,4.114335
Please Give,Apr,30,2010,3,4.033574,4.570178,0.536604
"Don Gato, el inicio de la pandilla",Dec,31,2015,80,0,4.534791,4.534791
Only God Forgives,Jul,19,2013,4.8,0.775849,4.49456,3.718711
Geograf globus propil,Dec,31,2013,4,0,4.454853,4.454853
Safety Not Guaranteed,Jun,8,2012,0.75,4.010957,4.422318,0.411361
Solitary Man,May,21,2010,12.5,4.360548,4.360548,0
Holy Motors,Oct,17,2012,4,0.641054,4.230426,3.589372
The To Do List,Jul,26,2013,1.5,3.491669,4.128828,0.637159
Stone,Oct,8,2010,22,1.810078,4.06502,2.254942
There Be Dragons,May,6,2011,36,1.069334,4.02099,2.951656
The Perfect Game,Apr,16,2010,12.5,1.089445,3.931367,2.841922
To Save a Life,Jan,22,2010,0.5,3.77721,3.824868,0.047658
Green Room,Apr,15,2016,5,3.220371,3.807503,0.587132
Celeste and Jesse Forever,Aug,3,2012,0.84,3.103407,3.787689,0.684282
Like Crazy,Oct,28,2011,0.25,3.395391,3.731489,0.336098
Machine Gun Preacher,Sep,23,2011,30,0.53869,3.721988,3.183298
The Iceman,May,3,2013,10,1.930282,3.623609,1.693327
The Killer Inside Me,Jun,18,2010,13,0.217277,3.617277,3.4
The Secret of Kells,Mar,5,2010,8,0.69029,3.582797,2.892507
The Joneses,Apr,16,2010,10,1.475746,3.541565,2.065819
Fireflies in the Garden,Oct,14,2011,8,0.036884,3.505823,3.468939
Veronica Mars,Mar,14,2014,6,3.322127,3.485383,0.163256
By the Sea,Nov,13,2015,20,0.53846,3.445926,2.907466
The Homesman,Nov,14,2014,16,2.429989,3.442853,1.012864
Beneath Hill 60,Jun,17,2014,9,0,3.440939,3.440939
Chiamatemi Francesco - Il papa della gente,Dec,31,2015,15,0,3.439835,3.439835
Child 44,Apr,17,2015,50,1.22433,3.43433,2.21
Atlas Shrugged: Part II,Oct,12,2012,10,3.336053,3.336053,0
Heist,Nov,13,2015,8.9,0.050136,3.324184,3.274048
Obvious Child,Jun,6,2014,1,3.122616,3.32407,0.201454
Letters to God,Apr,9,2010,3,2.848587,3.237452,0.388865
Rosewater,Nov,14,2014,10,3.128941,3.168858,0.039917
Your Sister's Sister,Jun,15,2012,0.12,1.597486,3.090593,1.493107
Que Horas Ela Volta?,Aug,28,2015,1.2,0.376976,3.048209,2.671233
The East,May,31,2013,6.5,2.274649,3.027956,0.753307
Jane Got a Gun,Jan,29,2016,25,1.513793,2.962177,1.448384
Blood Ties,Mar,21,2014,26,0.042472,2.923959,2.881487
Home Run,Apr,19,2013,1.2,2.859955,2.859955,0
Filly Brown,Apr,19,2013,1.25,2.850357,2.850357,0
Everything Must Go,May,13,2011,5,2.712131,2.82101,0.108879
Restless,Sep,16,2011,8,0.163753,2.818394,2.654641
Captive,Sep,18,2015,2,2.583301,2.791973,0.208672
Kill the Messenger,Oct,10,2014,5,2.450846,2.786939,0.336093
Wuthering Heights,Oct,5,2012,8,0.100915,2.721534,2.620619
Ajami,Feb,3,2010,1,0.621859,2.721096,2.099237
N-Secure,Oct,15,2010,1.6,2.595644,2.595644,0
The Gatekeepers,Feb,1,2013,1.5,2.408553,2.592308,0.183755
Bucky Larson: Born to Be a Star,Sep,9,2011,10,2.529395,2.529395,0
Grace Unplugged,Oct,4,2013,1.7,2.507159,2.507159,0
After.Life,Apr,9,2010,4.5,0.108596,2.481925,2.373329
Four Lions,Nov,5,2010,3.75,0.310007,2.436111,2.126104
The Grace Card,Feb,25,2011,0.2,2.430735,2.430735,0
The Devil's Double,Jul,29,2011,19.1,1.361512,2.406666,1.045154
Nannerl la soeur de Mozart,Aug,19,2011,4.5,0.707885,2.404639,1.696754
The Neon Demon,Jun,24,2016,7.5,1.333124,2.374225,1.041101
Jem and the Holograms,Oct,23,2015,5,2.18464,2.368937,0.184297
The Diary of a Teenage Girl,Aug,7,2015,2,1.477002,2.279959,0.802957
Casino Jack,Dec,17,2010,12.5,2.039869,2.272186,0.232317
My All-American,Nov,13,2015,20,2.246,2.246,0
Grave Encounters,Sep,9,2011,2,0,2.151887,2.151887
Now is Good,Jan,8,2013,0.5,0,2.141436,2.141436
Another Earth,Jul,22,2011,0.175,1.321194,2.102779,0.781585
Misconduct,Feb,5,2016,11,0,2.086974,2.086974
Z Storm,Aug,18,2015,7,0,2.05333,2.05333
The Art of Getting By,Jun,17,2011,4,1.430241,1.989035,0.558794
Red State,Mar,5,2011,4,1.065429,1.983596,0.918167
Escobar: Paradise Lost,Jun,26,2015,17,0.195792,1.973945,1.778153
All the Boys Love Mandy Lane,Oct,11,2013,0.75,0,1.960521,1.960521
La chambre bleue,Oct,3,2014,1.4,0.260441,1.94542,1.684979
The Christmas Candle,Nov,15,2013,7,1.632,1.933829,0.301829
Les herbes folles,Jun,25,2010,14,0.403952,1.903952,1.5
Greater,Aug,26,2016,9,1.895506,1.895506,0
The Mighty Macs,Oct,21,2011,7,1.891936,1.891936,0
A Better Life,Jun,24,2011,10,1.759252,1.884251,0.124999
Meek's Cutoff,Apr,8,2011,2,0.977772,1.869928,0.892156
Dom Hemingway,Apr,2,2014,7,0.523511,1.857458,1.333947
Zulu,Dec,31,2013,16,0,1.844228,1.844228
Tu Xia Chuan Qi,Dec,31,2011,12,0,1.8284,1.8284
Tusk,Sep,19,2014,3,1.821983,1.821983,0
Flipped,Aug,6,2010,14,1.755212,1.755212,0
Freeheld,Oct,2,2015,7,0.546201,1.732228,1.186027
"Men, Women and Children",Oct,1,2014,16,0.705908,1.705908,1
Deadfall,Dec,7,2012,6,0.066351,1.673635,1.607284
It's a Wonderful Afterlife,Oct,8,2010,10,0,1.642939,1.642939
Weekend,Sep,23,2011,0.19,0.484592,1.577585,1.092993
The Lords of Salem,Apr,19,2013,1.5,1.165881,1.541131,0.37525
Enter the Void,Sep,24,2010,16,0.337997,1.467278,1.129281
ГЕРОЙ,Dec,31,2015,7,0,1.390976,1.390976
"For a Good Time, Call",Aug,31,2012,0.85,1.251749,1.386088,0.134339
Dogtooth,Jun,25,2010,0.323,0.110248,1.373407,1.263159
The City of Your Final Destination,Apr,16,2010,8.3,0.493296,1.353296,0.86
Damsels in Distress,Apr,6,2012,3,1.007535,1.324299,0.316764
I Spit on Your Grave,Oct,8,2010,1.75,0.093051,1.278471,1.18542
Twixt,Jul,23,2013,7,0,1.268346,1.268346
The Future,Jul,29,2011,1,0.568662,1.239174,0.670512
You Got Served: Beat The World,Jun,21,2011,10,0,1.230542,1.230542
Blackthorn,Oct,7,2011,4.5,0.200558,1.217307,1.016749
Darling Companion,Apr,20,2012,12,0.793352,1.200346,0.406994
Anna,Jun,6,2014,4.357373,0,1.2,1.2
Phantom,Mar,1,2013,18,1.034589,1.19951,0.164921
Kill the Irishman,Mar,11,2011,12,1.188194,1.188194,0
The Face of Love,Mar,7,2014,4,0.385069,1.158877,0.773808
Palo Alto,May,9,2014,1,0.767732,1.156309,0.388577
The Son of No One,Nov,4,2011,15,0.03068,1.148578,1.117898
Sholem Aleichem: Laughing in the Darkness,Jul,8,2011,0.5,1.131261,1.131261,0
Burn,Jul,20,2012,0.225,1.109276,1.109276,0
A Little Bit of Heaven,May,4,2012,12.5,0.010011,1.100287,1.090276
Loin des hommes,Apr,14,2015,7.7,0.005336,1.080428,1.075092
The Oogieloves in the BIG Balloon Adventure,Aug,29,2012,20,1.065907,1.065907,0
Coriolanus,Dec,2,2011,10,0.749641,1.049641,0.3
Chain Letter,Oct,1,2010,3,0.205842,1.022453,0.816611
The Innkeepers,Feb,3,2012,0.75,0.078396,1.011535,0.933139
Another Happy Day,Nov,18,2011,4,0.00912,0.978527,0.969407
Circumstance,Aug,26,2011,0.9,0.454121,0.958978,0.504857
Wild Card,Jan,30,2015,30,0.0032,0.929157,0.925957
Jimi: All is By My Side,Sep,26,2014,5,0.340911,0.927074,0.586163
Princess Kaiulani,May,14,2010,9,0.883887,0.883887,0
All Good Things,Dec,3,2010,20,0.582024,0.873617,0.291593
Miss Julie,May,5,2015,5.5,0,0.863895,0.863895
I Origins,Jul,18,2014,1,0.336472,0.852399,0.515927
Atlas Shrugged: Who Is John Galt?,Sep,12,2014,5,0.85169,0.85169,0
Higher Ground,Aug,23,2011,1.8,0.841056,0.842693,0.001637
Hobo with a Shotgun,May,6,2011,3,0.703372,0.834953,0.131581
Compliance,Aug,17,2012,0.27,0.319285,0.8307,0.511415
Survivor,May,29,2015,20,0,0.774905,0.774905
Praia do Futuro,Feb,27,2015,4,0.02062,0.760678,0.740058
The Square,Apr,9,2010,1.9,0.406216,0.740932,0.334716
Ain't Them Bodies Saints,Aug,16,2013,5,0.391611,0.74048,0.348869
Rubber,Apr,1,2011,0.5,0.10037,0.680914,0.580544
Stake Land,Apr,22,2011,4,0.033245,0.679482,0.646237
POM Wonderful Presents: The Greatest Movie Ever Sold,Apr,22,2011,1.8,0.638476,0.638476,0
The Virginity Hit,Sep,24,2010,2,0.636706,0.636706,0
Margaret,Sep,30,2011,14,0.047185,0.623292,0.576107
Maggie,May,8,2015,4.5,0.187112,0.597989,0.410877
Blue Like Jazz,Apr,13,2012,1.2,0.595018,0.595018,0
Super,Apr,1,2011,2.5,0.327716,0.593933,0.266217
Freedom,Jun,5,2015,14.5,0,0.565801,0.565801
Ondine,Jun,4,2010,12,0.550472,0.557545,0.007073
Plastic,Sep,26,2014,10,0,0.552641,0.552641
Heli,Dec,31,2013,1,0,0.552614,0.552614
The Lost Medallion: The Adventures of Billy Stone,Mar,1,2013,2.5,0.549632,0.549632,0
Standing Ovation,Jul,16,2010,5.6,0.531806,0.531806,0
The Reluctant Fundamentalist,Apr,26,2013,15,0.528731,0.528731,0
Unsullied,Aug,28,2015,1.5,0.510957,0.510957,0
In The Land of Blood and Honey,Dec,23,2011,13,0.303877,0.509193,0.205316
The Act of Killing,Jul,19,2013,1,0.486919,0.501289,0.01437
The Extra Man,Jul,30,2010,7,0.453377,0.492108,0.038731
Brotherly Love,Apr,24,2015,1.9,0.478595,0.478595,0
Kill List,Feb,3,2012,0.8,0.029063,0.462206,0.433143
Gunless,Apr,30,2010,9.9,0.458054,0.458054,0
A Lonely Place to Die,Mar,20,2012,4,0,0.44255,0.44255
Grabbers,Jul,19,2013,5.3,0,0.440821,0.440821
Blue Ruin,Apr,25,2014,0.42,0.258384,0.435168,0.176784
I Want Your Money,Oct,15,2010,0.4,0.433588,0.433588,0
Sound of My Voice,Apr,27,2012,0.135,0.408015,0.429448,0.021433
Tiny Furniture,Nov,12,2010,0.05,0.391674,0.424149,0.032475
The Brass Teapot,Apr,5,2013,0.9,0.006997,0.413733,0.406736
The 5th Quarter,Mar,25,2011,6,0.408159,0.408159,0
Drinking Buddies,Aug,23,2013,0.5,0.343706,0.4071,0.063394
Hesher,May,13,2011,7,0.382946,0.382946,0
Joe,Apr,11,2014,4,0.373375,0.373375,0
MOOZ-lum,Feb,11,2011,1.5,0.362239,0.372239,0.01
Before We Go,Sep,4,2015,3,0.037151,0.371149,0.333998
The Young and Prodigious T.S. Spivet,Jul,31,2015,33,0.176847,0.357687,0.18084
Welcome to the Rileys,Oct,29,2010,10,0.152857,0.355919,0.203062
The Good Heart,Apr,30,2010,3.8,0.02093,0.34093,0.32
Manglehorn,Jun,19,2015,4,0.13227,0.332752,0.200482
Creature,Sep,9,2011,3,0.331,0.331,0
Desert Dancer,Apr,10,2015,4,0.155271,0.324218,0.168947
USS Indianapolis: Men of Courage,Dec,31,2016,40,0,0.320248,0.320248
The Yellow Handkerchief,Feb,26,2010,15.5,0.318623,0.318623,0
The Other Dream Team,Sep,28,2012,0.5,0.134109,0.314444,0.180335
Jungle Shuffle,Mar,10,2015,10,0,0.314073,0.314073
Cargo,Oct,21,2011,4.2,0,0.31323,0.31323
San qiang pai an jing qi,Sep,3,2010,12,0.190946,0.310946,0.12
My Dog Tulip,Sep,1,2010,0.35,0.246574,0.310891,0.064317
3,Sep,16,2011,7.2,0.059774,0.295492,0.235718
Antarctica: A Year on Ice,Nov,28,2014,1,0.288757,0.288757,0
Above and Beyond,Jan,30,2015,1.3,0.288751,0.288751,0
Stranded,Jul,26,2013,1.9,0,0.285593,0.285593
"Lovely, Still",Sep,10,2010,5,0.127564,0.282687,0.155123
Life During Wartime,Jul,23,2010,4.5,0.281447,0.281447,0
The Tempest,Dec,10,2010,20,0.277943,0.277943,0
The Last Days on Mars,Dec,6,2013,10.6,0.024084,0.261364,0.23728
Two Night Stand,Sep,26,2014,1.6,0.0156,0.242443,0.226843
Housebound,Oct,17,2014,1.5,0,0.236863,0.236863
Middle of Nowhere,Oct,12,2012,0.2,0.236806,0.236806,0
Brighton Rock,Aug,26,2011,11,0.229653,0.229653,0
Tim and Eric's Billion Dollar Movie,Mar,2,2012,3,0.201436,0.223652,0.022216
La fille du RER,Jan,22,2010,9,0.208163,0.208163,0
Amigo,Aug,19,2011,1.5,0.184705,0.184705,0
The Masked Saint,Jan,8,2016,3.5,0.182695,0.182695,0
Go For It!,May,13,2011,2.45,0.180237,0.182358,0.002121
Pourquoi j'ai pas mangé mon père,Dec,31,2015,42,0,0.182156,0.182156
All You Need Is Love,Oct,31,2014,0.3,0,0.177507,0.177507
Barbecue,Dec,26,2014,10,0.000388,0.173613,0.173225
"Cinco de Mayo, La Batalla",May,3,2013,10,0.173472,0.173472,0
Freakonomics,Oct,1,2010,2.9,0.10127,0.172867,0.071597
Savva. Serdtse voyna,Mar,8,2016,30,0,0.172242,0.172242
Escape from Tomorrow,Oct,11,2013,0.65,0.171962,0.171962,0
United Passions,Jun,5,2015,30,0.000918,0.168832,0.167914
The Last Godfather,Apr,1,2011,13.4,0.164247,0.164247,0
Carlos,Oct,15,2010,18,0.145526,0.157002,0.011476
The Divide,Jan,13,2012,3,0.018,0.156362,0.138362
Dragon Nest Warriors' Dawn,Dec,31,2014,40,0,0.155403,0.155403
Deceptive Practice: The Mysteries and Mentors of Ricky Jay,Apr,17,2013,0.5,0.152449,0.152449,0
Kicks,Sep,9,2016,10,0.150191,0.150191,0
The Red Riding Trilogy: 1974,Feb,5,2010,9,0.148826,0.148826,0
The Last Five Years,Feb,13,2015,2,0.147299,0.147299,0
Love Ranch,Jun,30,2010,25,0.137885,0.146149,0.008264
Space Pirate Captain Harlock,Dec,31,2013,30,0,0.14349,0.14349
Accidental Love,Mar,17,2015,26,0,0.135436,0.135436
The Eclipse,Mar,26,2010,3,0.133411,0.133411,0
Yi ge ren de wu lin,Apr,24,2015,25,0.129115,0.129115,0
Antiviral,Apr,12,2013,3.1,0,0.123407,0.123407
Trust,Apr,1,2011,4,0.120016,0.120016,0
Valley of the Hearts Delight,Apr,9,2010,2.5,0.118666,0.118666,0
The Greatest,Apr,2,2010,6,0.115862,0.117796,0.001934
Breaking Upwards,Apr,2,2010,0.015,0.115592,0.115592,0
Road Hard,Mar,6,2015,1.5,0.113169,0.113169,0
Blood Done Sign My Name,Feb,19,2010,10,0.109383,0.109383,0
Wild Target,Oct,29,2010,8,0.109338,0.109338,0
Elsa & Fred,Nov,7,2014,10,0.067657,0.109144,0.041487
The Good Guy,Feb,19,2010,10,0.100688,0.106466,0.005778
Criminal Activities,Nov,20,2015,7,0,0.103962,0.103962
Saint John of Las Vegas,Jan,29,2010,2,0.102645,0.102645,0
George A. Romero's Survival of the Dead,May,28,2010,4.2,0.10174,0.10174,0
Beyond the Brick: A LEGO Brickumentary,Jul,31,2015,1,0.101531,0.101531,0
8: The Mormon Proposition,Jun,18,2010,2.5,0.10028,0.10028,0
Hardflip,Jun,1,2012,1,0.096734,0.096734,0
Vamps,Nov,2,2012,16,0.003361,0.094812,0.091451
Red Sky,Mar,10,2015,25,0,0.091116,0.091116
5 Days of War,Aug,19,2011,12,0.017479,0.087793,0.070314
Leaves of Grass,Apr,2,2010,9,0.070066,0.085527,0.015461
They Came Together,Jun,27,2014,3,0,0.08278,0.08278
Fort McCoy,Aug,15,2014,3,0.078948,0.078948,0
Banshee Chapter,Jan,10,2014,0.95,0,0.078122,0.078122
Foodfight!,Dec,31,2012,45,0,0.073706,0.073706
Pump,Sep,19,2014,2,0.072277,0.072277,0
Stitches,Apr,1,2013,2,0,0.063555,0.063555
Creative Control,Mar,11,2016,1,0.063014,0.063014,0
The Canyons,Aug,2,2013,0.25,0.059671,0.062375,0.002704
Winnie Mandela,Sep,6,2013,15,0.061847,0.061847,0
Il conformista,Aug,29,2014,0.75,0.059656,0.059656,0
Cheap Thrills,Mar,21,2014,0.1,0.059424,0.059424,0
Beyond the Black Rainbow,May,18,2012,1.1,0.056491,0.056491,0
Rudderless,Oct,17,2014,5,0.056001,0.056001,0
Aloft,May,22,2015,8,0.053086,0.053086,0
The Perfect Host,Jul,1,2011,1,0.048764,0.051587,0.002823
Open Road,May,21,2013,3,0,0.047469,0.047469
Ca$h,Mar,26,2010,7,0.046488,0.046488,0
Lost River,Apr,7,2015,2,0.045431,0.045431,0
Defendor,Feb,19,2010,3.75,0.044462,0.044462,0
Water & Power,May,2,2014,0.6,0.042557,0.042557,0
Siakh lokhamim: ha'slilim ha'gnouzim,Nov,20,2015,0.45,0.04126,0.042503,0.001243
Down for Life,Jan,14,2011,3.8,0.041914,0.041914,0
The Opposite Sex,Jan,20,2015,3.3,0,0.040262,0.040262
3 Backyards,Mar,11,2011,0.3,0.039475,0.039475,0
Trudno byt bogom,Jan,30,2015,7,0.031443,0.035919,0.004476
Not Cool,Sep,19,2014,0.8,0.035688,0.035688,0
Underdogs,Aug,16,2013,2.5,0.035017,0.035017,0
Spoken Word,Jul,23,2010,4.5,0.032961,0.032961,0
Speak No Evil,Dec,31,2013,0.15,0,0.032927,0.032927
Black November,Jan,9,2015,7.5,0,0.032572,0.032572
Song One,Jan,23,2015,6,0.032251,0.032544,0.000293
L!fe Happens,Apr,13,2012,0.93,0.030905,0.030905,0
Happy Christmas,Jul,25,2014,0.07,0.030312,0.030312,0
Lumea e a mea,Dec,31,2015,0.168,0,0.029827,0.029827
Redemption Road,Aug,26,2011,2.3,0.029384,0.029384,0
Time to Choose,Jun,3,2016,3.5,0.029233,0.029233,0
Automata,Oct,10,2014,15,0,0.02905,0.02905
Plush,Sep,13,2013,2,0.00308,0.028864,0.025784
Salvation Boulevard,Jul,15,2011,5.5,0.028468,0.028468,0
Strangerland,Jul,10,2015,10,0.017472,0.028048,0.010576
Departure,Dec,31,2015,1.1,0,0.027561,0.027561
"Pink Ribbons, Inc.",Jun,1,2012,1.2,0.026608,0.026608,0
Griff the Invisible,Aug,19,2011,2.9,0.020778,0.025935,0.005157
The Exploding Girl,Mar,12,2010,0.04,0.025572,0.025572,0
R100,Jan,23,2015,5.5,0.024956,0.024956,0
The Past is a Grotesque Animal,Jun,19,2014,0.1,0.020056,0.020056,0
Test,Jun,6,2014,0.25,0.018823,0.018823,0
Karachi se Lahore,Dec,31,2015,1,0,0.017721,0.017721
Nothing But a Man,Nov,9,2012,0.3,0.017241,0.017241,0
The First Time,Oct,19,2012,2,0.017061,0.017061,0
Los insolitos peces gato,Jun,13,2014,1.3,0.011278,0.016653,0.005375
Hits,Feb,13,2015,1,0.015156,0.015156,0
Trade of Innocents,Oct,5,2012,5.8,0.015091,0.015091,0
10 Days in a Madhouse,Nov,11,2015,12,0.014616,0.014616,0
Don McKay,Apr,2,2010,6,0.013722,0.013722,0
Outside Bet,Feb,24,2015,7.5,0,0.013524,0.013524
As It Is in Heaven,Jul,11,2014,0.45,0.013486,0.013486,0
Forget Me Not,May,24,2011,1.3,0,0.013465,0.013465
Night Lights,Aug,15,2014,0.25,0.012848,0.012848,0
Vaalu,Dec,31,2015,1.9,0,0.012444,0.012444
The Loved Ones,Jun,1,2012,4,0,0.012302,0.012302
The Living Wake,May,14,2010,0.5,0.012232,0.012232,0
Hross i oss,Mar,13,2015,10,0.011894,0.011894,0
Falcon Rising,Sep,4,2014,4.5,0.011774,0.011774,0
16 to Life,Sep,3,2010,1,0.011574,0.011574,0
The Lovers,Mar,13,2015,35,0,0.011106,0.011106
Jerusalema,Jun,11,2010,2,0.007294,0.010679,0.003385
Circle,Aug,27,2010,2,0.010024,0.010024,0
Camp X-Ray,Oct,17,2014,1,0.009837,0.009837,0
Down Terrace,Oct,15,2010,0.03,0.009812,0.009812,0
Faith Connections,Sep,12,2014,0.55,0.009111,0.009111,0
Butterfly Girl,Feb,27,2015,0.18,0.008956,0.008956,0
Dawn of the Crescent Moon,Jul,17,2015,0.075,0.008799,0.008799,0
Absentia,Dec,31,2011,0.07,0,0.008555,0.008555
Julija in alfa Romeo,Dec,31,2015,0.56,0,0.008462,0.008462
Counting,Jul,31,2015,0.05,0.008374,0.008374,0
They Will Have to Kill Us First,Mar,4,2016,0.6,0,0.007943,0.007943
Certifiably Jonathan,Feb,11,2011,1.2,0.007826,0.007826,0
Area 51,May,15,2015,5,0.007556,0.007556,0
The Giant Mechanical Man,Apr,27,2012,0.9,0.007396,0.007396,0
Antarctic Edge: 70º South,Apr,17,2015,0.15,0.007193,0.007193,0
The Sisterhood of Night,Apr,10,2015,1,0.00687,0.00687,0
I Am Wrath,Apr,15,2016,18,0,0.006784,0.006784
Top Spin,Aug,21,2015,0.15,0.005858,0.005858,0
Tanner Hall,Sep,9,2011,3,0.005073,0.005073,0
Supporting Characters,Jan,25,2013,0.06,0.004917,0.004917,0
Newlyweds,Jan,13,2012,0.009,0.004584,0.004584,0
Inescapable,Feb,22,2013,4,0.004327,0.004327,0
La navaja de Don Juan,Sep,18,2015,1.2,0.004254,0.004254,0
The Harvest/La Cosecha,Jul,29,2011,0.56,0.003709,0.003709,0
The Word,Mar,14,2014,0.2,0.003648,0.003648,0
Raymond Did It,Feb,11,2011,0.04,0.003632,0.003632,0
Locker 13,Mar,28,2014,0.3,0.003496,0.003496,0
Broken Horses,Sep,1,2015,15,0,0.003471,0.003471
Mi America,Oct,16,2016,2.1,0.00333,0.00333,0
Drunk Wedding,May,22,2015,0.6,0.003301,0.003301,0
Windsor Drive,Aug,28,2015,0.85,0.003256,0.003256,0
Along the Roadside,Mar,24,2015,0.25,0,0.003234,0.003234
Tracker,Dec,31,2011,6.5,0,0.003149,0.003149
The Sleepwalker,Nov,21,2014,1.1,0.002636,0.002636,0
Sparrows Dance,Aug,23,2013,0.175,0.002602,0.002602,0
The Ghastly Love of Johnny X,Oct,26,2012,2,0.002436,0.002436,0
Backmask,Sep,1,2015,0.025,0,0.002322,0.002322
Veronika Decides to Die,Jan,20,2015,9,0,0.002243,0.002243
Yoga Hosers,Sep,2,2016,5,0,0.002199,0.002199
"Me, You and Five Bucks",Sep,28,2015,1.5,0.002105,0.002105,0
Born to Fly: Elizabeth Streb vs. Gravity,Sep,10,2014,0.5,0.001822,0.001822,0
Detention of the Dead,Jun,28,2013,0.5,0.001778,0.001778,0
The Looking Glass,Oct,23,2015,0.3,0.001711,0.001711,0
Eddie: The Sleepwalking Cannibal,Apr,5,2013,1.4,0.001632,0.001632,0
Skin Trade,May,8,2015,9,0.001242,0.001242,0
B-Girl,Jan,26,2010,0.7,0,0.00116,0.00116
Childless,May,15,2015,1,0.001036,0.001036,0
"To Be Frank, Sinatra at 100",Dec,31,2015,2,0,0.000926,0.000926
Perrier's Bounty,May,21,2010,6.6,0.000828,0.000828,0
Destiny,Dec,31,2014,0.75,0,0.00045,0.00045
Shinjuku Incident,Feb,5,2010,15,0,0,0
Psych 9,Dec,31,2010,5,0,0,0
Barry Munday,Oct,1,2010,3,0,0,0
Christmas Mail,Dec,31,2010,2.5,0,0,0
Lies in Plain Sight,Dec,31,2010,2.1,0,0,0
Lake Mungo,Mar,23,2010,1.1,0,0,0
Dead Undead The,Dec,31,2010,1.1,0,0,0
Zombies of Mass Destruction,Jan,29,2010,1,0,0,0
Drones,Dec,31,2010,0.5,0,0,0
Anderson's Cross,Dec,31,2010,0.3,0,0,0
Death Calls,Dec,31,2010,0.29,0,0,0
Rust,Oct,5,2010,0.25,0,0,0
The Christmas Bunny,Dec,31,2010,0.25,0,0,0
Butterfly,Dec,31,2010,0.25,0,0,0
Ultramarines,Feb,26,2011,8.9,0,0,0
A Shine of Rainbows,Mar,15,2011,6,0,0,0
Freaky Deaky,Dec,31,2011,6,0,0,0
The Hit List,May,10,2011,6,0,0,0
We Have Your Husband,Dec,31,2011,5,0,0,0
Without Men,Dec,31,2011,4.7,0,0,0
2:13,Jun,28,2011,3.5,0,0,0
Never Back Down 2: The Beatdown,Sep,13,2011,3,0,0,0
"Fat, Sick & Nearly Dead",Apr,1,2011,2.6,0,0,0
True Bromance,Dec,31,2011,2,0,0,0
The Lion of Judah,Jun,3,2011,1.5,0,0,0
Rock the House,Dec,31,2011,0.25,0,0,0
The Ridges,Nov,25,2011,0.0173,0,0,0
Womb,Mar,30,2012,13,0,0,0
Detention,Apr,13,2012,10,0,0,0
Should've Been Romeo,Dec,31,2012,5,0,0,0
Replicas,Nov,9,2012,4,0,0,0
The Helpers,Dec,31,2012,4,0,0,0
How to Fall in Love,Dec,31,2012,4,0,0,0
Infected,Dec,31,2012,2.1,0,0,0
The Legend of Hell's Gate: An American Conspiracy,Mar,30,2012,2,0,0,0
Highway,Dec,31,2012,2,0,0,0
Dysfunctional Friends,Feb,3,2012,1.8,0,0,0
Below Zero,Aug,28,2012,1.2,0,0,0
Crowsnest,Sep,7,2012,1.2,0,0,0
Airborne,Sep,14,2012,1.2,0,0,0
Snow White: A Deadly Summer,Mar,20,2012,1,0,0,0
Truth or Die,Oct,9,2012,1,0,0,0
Snitch,Dec,31,2012,0.85,0,0,0
After,Dec,31,2012,0.65,0,0,0
High Road,Mar,6,2012,0.546173,0,0,0
Enter Nowhere,Apr,3,2012,0.5,0,0,0
Girls Gone Dead,Jul,17,2012,0.5,0,0,0
El rey de Najayo,Dec,31,2012,0.5,0,0,0
Some Guy Who Kills People,Jul,3,2012,0.3,0,0,0
The Frozen,Dec,18,2012,0.25,0,0,0
Indie Game: The Movie,May,18,2012,0.1,0,0,0
The FP,Mar,16,2012,0.06,0,0,0
Hayride,Dec,31,2012,0.06,0,0,0
Out of Inferno,Dec,31,2013,19,0,0,0
Supesu Batorushippu Yamato,Oct,19,2013,12,0,0,0
Re-Kill,Dec,31,2013,9.5,0,0,0
A Haunting in Connecticut 2: The Ghosts of Georgia,Feb,1,2013,9,0,0,0
Hansel & Gretel Get Baked,Jun,25,2013,4.5,0,0,0
"Batman: The Dark Knight Returns, Part 2",Jan,29,2013,3.5,0,0,0
30 Nights Of Paranormal Activity With The Devil Inside The Girl With The Dragon Tattoo,Jan,15,2013,3,0,0,0
Alien Uprising,Jun,21,2013,2.5,0,0,0
Straight A's,Mar,19,2013,2,0,0,0
Small Apartments,Feb,8,2013,2,0,0,0
Coffee Town,Jul,9,2013,2,0,0,0
Independence Daysaster,Dec,31,2013,1.8,0,0,0
Living Dark: The Story of Ted the Caver,Dec,31,2013,1.75,0,0,0
The Wicked Within,Dec,31,2013,1.2,0,0,0
The Vatican Exorcisms,Dec,31,2013,1.1,0,0,0
Black Rock,May,14,2013,1,0,0,0
My Last Day Without You,Oct,4,2013,1,0,0,0
Zombie Hunter,Oct,8,2013,1,0,0,0
Treachery,Dec,31,2013,0.625,0,0,0
Bucky and the Squirrels,Dec,31,2013,0.5,0,0,0
Midnight Cabaret,Aug,7,2013,0.3,0,0,0
Aroused,May,3,2013,0.15,0,0,0
Echo Dr.,Dec,31,2013,0.1,0,0,0
The Dirties,Oct,4,2013,0.055,0,0,0
A True Story,Oct,25,2013,0.045,0,0,0
This Is Martin Bonner,Jun,21,2013,0.042,0,0,0
Her Cry: La Llorona Investigation,Oct,25,2013,0.035,0,0,0
Paraphobia,Dec,31,2013,0.03,0,0,0
All Superheroes Must Die,Jan,4,2013,0.02,0,0,0
The Adventurer: The Curse of the Midas Box,Jan,10,2014,25,0,0,0
Dwegons and Leprechauns,Aug,29,2014,20,0,0,0
The Prince,Aug,22,2014,18,0,0,0
Wolves,Nov,14,2014,18,0,0,0
Drive Hard,Oct,3,2014,12,0,0,0
Nurse 3D,Feb,7,2014,10,0,0,0
Swelter,Aug,12,2014,8,0,0,0
Henry & Me,Aug,18,2014,5,0,0,0
Dying of the Light,Dec,5,2014,5,0,0,0
Fugly,Nov,7,2014,4.5,0,0,0
The Perfect Wave,Jul,11,2014,4,0,0,0
In the Name of the King III,Mar,11,2014,3.5,0,0,0
Wicked Blood,Mar,4,2014,3.5,0,0,0
Point Blank,Jul,8,2014,3,0,0,0
Iguana,Oct,27,2014,3,0,0,0
Always Woodstock,Nov,14,2014,2.4,0,0,0
Lucky Dog,Dec,31,2014,2,0,0,0
A Funny Thing Happened on the Way to the Forum,Sep,9,2014,2,0,0,0
Against the Wild,Mar,11,2014,1.8,0,0,0
Once Upon a Time in Queens,Nov,11,2014,1.5,0,0,0
Kurmanjan datka,Dec,31,2014,1.4,0,0,0
House at the End of the Drive,Dec,31,2014,1.4,0,0,0
Cotton Comes to Harlem,Sep,9,2014,1.2,0,0,0
Hidden Away,Jan,7,2014,1,0,0,0
Doc Holliday's Revenge,Dec,31,2014,1,0,0,0
A Fine Step,Jun,24,2014,1,0,0,0
Bang Bang Baby,Dec,31,2014,1,0,0,0
Jesse,Aug,12,2014,0.95,0,0,0
Food Chains,Nov,21,2014,0.913,0,0,0
40 Weeks,Dec,31,2014,0.9,0,0,0
The Hadza: Last of the First,Dec,31,2014,0.65,0,0,0
The Maid's Room,Aug,8,2014,0.6,0,0,0
Light from the Darkroom,Dec,31,2014,0.6,0,0,0
America Is Still The Place,Dec,31,2014,0.5,0,0,0
Diamond Rufff,Dec,31,2014,0.5,0,0,0
Fight to the Finish,Dec,31,2014,0.5,0,0,0
The Sound and the Shadow,Dec,31,2014,0.5,0,0,0
Mutual Friends,Jul,1,2014,0.45,0,0,0
Rise Of the Entrepreneur - The Search For A Better Way,Dec,31,2014,0.45,0,0,0
Pancakes,Dec,31,2014,0.4,0,0,0
Jesus People,Apr,11,2014,0.25,0,0,0
Horse Camp,Dec,31,2014,0.25,0,0,0
Archaeology of a Woman,Sep,12,2014,0.2,0,0,0
Sanctuary; Quite a Conundrum,Aug,26,2014,0.2,0,0,0
H.,Dec,31,2014,0.2,0,0,0
An American in Hollywood,Jul,18,2014,0.125,0,0,0
"Dude, Where's My Dog",Dec,31,2014,0.1,0,0,0
The Image Revolution,Dec,31,2014,0.05,0,0,0
Happy 40th,Dec,31,2014,0.035,0,0,0
Dry Spell,Dec,31,2014,0.022,0,0,0
Stories of Our Lives,Dec,31,2014,0.015,0,0,0
The Ridiculous 6,Dec,11,2015,60,0,0,0
The Crow,Dec,31,2015,40,0,0,0
Freaks of Nature,Oct,30,2015,33,0,0,0
The Face of an Angel,Apr,24,2015,26,0,0,0
In Dubious Battle,Dec,31,2015,15,0,0,0
Dancin' It's On,Oct,30,2015,12,0,0,0
San cheng ji,Dec,31,2015,12,0,0,0
Into the Grizzly Maze,May,19,2015,10,0,0,0
American Heist,Jul,21,2015,10,0,0,0
Green Street Hooligans: Underground,Feb,24,2015,8,0,0,0
Henry Joseph Church,Dec,31,2015,8,0,0,0
Pound of Flesh,May,15,2015,7.5,0,0,0
Alpha & Omega: The Legend of the Saw Tooth Cave,Sep,1,2015,7,0,0,0
Born of War,Jan,27,2015,5,0,0,0
Let's Kill Ward's Wife,Jan,9,2015,5,0,0,0
Capricorn One,Jan,13,2015,5,0,0,0
Aztec Warrior,Dec,31,2015,5,0,0,0
Navy SEAL vs. Zombies,Sep,25,2015,5,0,0,0
Running Forever,Oct,27,2015,5,0,0,0
Treading Water,Mar,10,2015,4.7,0,0,0
Zipper,Aug,28,2015,4.5,0,0,0
R.L. Stine's Monsterville: The Cabinet of Souls,Sep,29,2015,4.4,0,0,0
The Veil,Dec,31,2015,4,0,0,0
Chain of Command,Sep,8,2015,4,0,0,0
Dawn Patrol,Jun,5,2015,3.5,0,0,0
Lords of London,Sep,1,2015,3.44,0,0,0
To Write Love On Her Arms,Mar,3,2015,3.4,0,0,0
AWOL-72,Dec,31,2015,3,0,0,0
Enter the Dangerous Mind,Feb,6,2015,3,0,0,0
Something Wicked,Mar,17,2015,3,0,0,0
Amnesiac,Aug,14,2015,3,0,0,0
Unnatural,Dec,31,2015,3,0,0,0
Close Range,Dec,11,2015,3,0,0,0
Stung,Jul,3,2015,2.5,0,0,0
8 Days,Oct,13,2015,2.5,0,0,0
The Toxic Avenger Part II,Apr,15,2015,2.3,0,0,0
The Timber,Oct,6,2015,2.1,0,0,0
The Lady from Shanghai,Mar,17,2015,2,0,0,0
The Walking Deceased,Mar,20,2015,2,0,0,0
Good Ol' Boy,Dec,31,2015,2,0,0,0
The Curse of Downers Grove,Aug,21,2015,2,0,0,0
Wind Walkers,Dec,31,2015,2,0,0,0
Shark Lake,Dec,1,2015,2,0,0,0
The Marine 4,Apr,21,2015,1.95,0,0,0
Beginners Guide to Sex,Oct,20,2015,1.8,0,0,0
Girlhouse,Feb,13,2015,1.5,0,0,0
Closer to the Moon,Apr,17,2015,1.5,0,0,0
Mutant World,May,26,2015,1.5,0,0,0
#Horror,Nov,20,2015,1.5,0,0,0
Checkmate,Sep,8,2015,1.5,0,0,0
One Shot,Dec,31,2015,1.4,0,0,0
The Algerian,Jun,26,2015,1.3,0,0,0
Da Sweet Blood of Jesus,Jan,13,2015,1.25,0,0,0
Bleeding Hearts,Feb,3,2015,1.2,0,0,0
Silent Running,Apr,7,2015,1.1,0,0,0
Fear Clinic,Feb,10,2015,1,0,0,0
The Pet,Mar,10,2015,1,0,0,0
The Horror Network,Oct,27,2015,1,0,0,0
American Hero,Dec,11,2015,1,0,0,0
Por amor en el caserio,Dec,22,2015,1,0,0,0
Ask Me Anything,Mar,3,2015,0.95,0,0,0
Le bonheur d'Elza,May,5,2015,0.9,0,0,0
Vessel,Jan,9,2015,0.8,0,0,0
Walter,Mar,13,2015,0.7,0,0,0
Irreplaceable,Feb,24,2015,0.6,0,0,0
The Outrageous Sophie Tucker,Jul,24,2015,0.5,0,0,0
Subconscious,Mar,10,2015,0.5,0,0,0
Roadside,Apr,14,2015,0.5,0,0,0
Love in the Time of Monsters,Feb,10,2015,0.5,0,0,0
Crossroads,Jun,23,2015,0.5,0,0,0
Alleluia! The Devil's Carnival,Aug,11,2015,0.5,0,0,0
Brooklyn Bizarre,Dec,1,2015,0.5,0,0,0
Rodeo Girl,Dec,31,2015,0.5,0,0,0
The Little Ponderosa Zoo,Nov,10,2015,0.5,0,0,0
Viskningar och rop,Mar,31,2015,0.4,0,0,0
Rotor DR1,Oct,20,2015,0.35,0,0,0
Teeth and Blood,Mar,10,2015,0.3,0,0,0
Walking to Paris,Dec,31,2015,0.3,0,0,0
Amidst the Devil's Wings,Dec,8,2015,0.3,0,0,0
UnDivided,Feb,3,2015,0.25,0,0,0
Give Me Shelter,Feb,24,2015,0.25,0,0,0
Shooting the Warwicks,Dec,31,2015,0.25,0,0,0
The Love Letter,Aug,18,2015,0.25,0,0,0
Western Religion,Oct,9,2015,0.25,0,0,0
11-Apr,Dec,31,2015,0.25,0,0,0
Theresa Is a Mother,Sep,29,2015,0.2,0,0,0
Perfect Cowboy,Nov,10,2015,0.2,0,0,0
Heroes of Dirt,Sep,4,2015,0.175,0,0,0
Escaping the Holocost,Dec,31,2015,0.15,0,0,0
The Brain That Sings,Aug,11,2015,0.125,0,0,0
Romantic Schemer,Dec,31,2015,0.125,0,0,0
Closure,Mar,17,2015,0.1,0,0,0
Lunchtime Heroes,Dec,31,2015,0.1,0,0,0
Open Secret,Mar,25,2015,0.1,0,0,0
The Night Visitor,Nov,10,2015,0.1,0,0,0
Tiger Orange,Jul,7,2015,0.1,0,0,0
Queen Crab,Sep,29,2015,0.075,0,0,0
The Brain That Wouldn't Die,Dec,22,2015,0.06,0,0,0
Bending Steel,Aug,4,2015,0.05,0,0,0
"Run, Hide, Die",Sep,1,2015,0.05,0,0,0
Ten,Apr,21,2015,0.025,0,0,0
Dutch Kills,Dec,1,2015,0.025,0,0,0
The Front Man,Apr,21,2015,0.02,0,0,0
Family Motocross,May,19,2015,0.01,0,0,0
Signed Sealed Delivered,Sep,29,2015,0.005,0,0,0
A Plague So Pleasant,Sep,29,2015,0.0014,0,0,0
Passengers,Dec,21,2016,150,0,0,0
Trolls,Nov,4,2016,120,0,0,0
Jack Reacher: Never Go Back,Oct,21,2016,96,0,0,0
Arrival,Nov,11,2016,50,0,0,0
The Girl on the Train,Oct,7,2016,45,0,0,0
Reagan,Dec,31,2016,25,0,0,0
The Butterfly God,Dec,31,2016,22,0,0,0
The History of Love,Dec,31,2016,20,0,0,0
Fight Valley,Jun,30,2016,20,0,0,0
Forsaken,Feb,19,2016,18,0,0,0
The Birth of a Nation,Oct,7,2016,10,0,0,0
Code of Honor,May,6,2016,8,0,0,0
A Street Cat Named Bob,Nov,18,2016,8,0,0,0
Two Lovers and a Bear,Dec,31,2016,6.84,0,0,0
The Hatching,Mar,15,2016,5,0,0,0
Antibirth,Sep,2,2016,2.5,0,0,0
The Rise of the Krays,Feb,2,2016,2.5,0,0,0
Eden,Jan,19,2016,2.3,0,0,0
Sharkskin,Jan,19,2016,2.1,0,0,0
The Wrong Side of Right,Jul,8,2016,2,0,0,0
1982,Mar,1,2016,1,0,0,0
Chemical Cut,Dec,31,2016,1,0,0,0
Adulterers,Jan,5,2016,0.75,0,0,0
Crabs!,Dec,31,2016,0.5,0,0,0
Une Femme Mariée,May,24,2016,0.12,0,0,0
